nomenclature;nb_deficits;deficit_total;deficit_moyen;deficit_min;deficit_max;total_exploitation;moy_exploitation;total_stock;moy_stock;nb_magasins;nb_manques;nb_surplus;manques_total;surplus_total
5998-14-5649218;9;-1794.0;-199.33;-536.0;346.0;2196.0;244.0;402.0;44.67;9;8.0;1.0;2140.0;346.0
7025-01-6471720;7;-1680.0;-240.0;-971.0;-60.0;1730.0;247.14;50.0;7.14;7;7.0;;1680.0;
5820-99-7095188;1;-1068.0;-1068.0;-1068.0;-1068.0;1074.0;1074.0;6.0;6.0;1;1.0;;1068.0;
9020-DI-1012016;1;795.0;795.0;795.0;795.0;100.0;100.0;895.0;895.0;1;;1.0;;795.0
7025-14-6035972;1;-750.0;-750.0;-750.0;-750.0;753.0;753.0;3.0;3.0;1;1.0;;750.0;
5820-14-5875891;2;-712.0;-356.0;-652.0;-60.0;858.0;429.0;146.0;73.0;2;2.0;;712.0;
5895-01-6312265;3;-648.0;-216.0;-340.0;-68.0;709.0;236.33;61.0;20.33;3;3.0;;648.0;
5895-01-6589391;7;482.0;68.86;-64.0;632.0;277.0;39.57;759.0;108.43;7;5.0;1.0;150.0;632.0
5998-14-5709364;6;-474.0;-79.0;-266.0;216.0;712.0;118.67;238.0;39.67;6;5.0;1.0;690.0;216.0
7025-01-6471719;4;-469.0;-117.25;-390.0;14.0;526.0;131.5;57.0;14.25;4;3.0;1.0;483.0;14.0
5998-14-5594755;3;439.0;146.33;-17.0;461.0;39.0;13.0;478.0;159.33;3;2.0;1.0;22.0;461.0
5998-01-6108944;1;400.0;400.0;400.0;400.0;61.0;61.0;461.0;461.0;1;;1.0;;400.0
5805-14-5395176;3;-393.0;-131.0;-472.0;210.0;613.0;204.33;220.0;73.33;3;2.0;1.0;603.0;210.0
7010-14-6035962;2;383.0;191.5;13.0;370.0;12.0;6.0;395.0;197.5;2;;2.0;;383.0
5820-14-5699765;3;-378.0;-126.0;-391.0;34.0;479.0;159.67;101.0;33.67;3;2.0;1.0;412.0;34.0
5998-01-5905251;2;348.0;174.0;10.0;338.0;3.0;1.5;351.0;175.5;2;;2.0;;348.0
5810-14-5839386;1;327.0;327.0;327.0;327.0;4.0;4.0;331.0;331.0;1;;1.0;;327.0
5895-14-4839707;1;311.0;311.0;311.0;311.0;2.0;2.0;313.0;313.0;1;;1.0;;311.0
5998-14-5216512;3;307.0;102.33;-65.0;418.0;115.0;38.33;422.0;140.67;3;2.0;1.0;111.0;418.0
6130-14-5977753;1;280.0;280.0;280.0;280.0;2.0;2.0;282.0;282.0;1;;1.0;;280.0
5998-14-4746028;4;280.0;70.0;-70.0;355.0;86.0;21.5;366.0;91.5;4;3.0;1.0;75.0;355.0
5805-14-5649508;3;-277.0;-92.33;-275.0;0.0;280.0;93.33;3.0;1.0;3;2.0;;277.0;
5998-14-4634094;1;254.0;254.0;254.0;254.0;1.0;1.0;255.0;255.0;1;;1.0;;254.0
5805-14-5694774;2;-244.0;-122.0;-242.0;-2.0;263.0;131.5;19.0;9.5;2;2.0;;244.0;
7025-01-6145572;4;-241.0;-60.25;-310.0;83.0;357.0;89.25;116.0;29.0;4;3.0;1.0;324.0;83.0
5895-14-5223317;1;239.0;239.0;239.0;239.0;4.0;4.0;243.0;243.0;1;;1.0;;239.0
5810-14-5860295;6;235.0;39.17;-54.0;298.0;134.0;22.33;369.0;61.5;6;4.0;2.0;69.0;304.0
5895-01-6548907;5;-222.0;-44.4;-196.0;27.0;306.0;61.2;84.0;16.8;5;4.0;1.0;249.0;27.0
5998-14-5649230;9;-207.0;-23.0;-77.0;60.0;305.0;33.89;98.0;10.89;9;8.0;1.0;267.0;60.0
7010-14-5636071;4;206.0;51.5;-11.0;212.0;25.0;6.25;231.0;57.75;4;1.0;2.0;11.0;217.0
5895-01-6590453;5;-200.0;-40.0;-84.0;-5.0;225.0;45.0;25.0;5.0;5;5.0;;200.0;
5998-01-5292775;1;197.0;197.0;197.0;197.0;15.0;15.0;212.0;212.0;1;;1.0;;197.0
5998-14-4252190;1;192.0;192.0;192.0;192.0;8.0;8.0;200.0;200.0;1;;1.0;;192.0
7025-15-0162514;3;-190.0;-63.33;-108.0;10.0;216.0;72.0;26.0;8.67;3;2.0;1.0;200.0;10.0
6130-14-5147163;2;189.0;94.5;-16.0;205.0;22.0;11.0;211.0;105.5;2;1.0;1.0;16.0;205.0
6130-14-5648974;6;-184.0;-30.67;-68.0;21.0;237.0;39.5;53.0;8.83;6;4.0;1.0;205.0;21.0
9020-DI-1012014;1;-180.0;-180.0;-180.0;-180.0;182.0;182.0;2.0;2.0;1;1.0;;180.0;
5998-14-4535515;1;-174.0;-174.0;-174.0;-174.0;183.0;183.0;9.0;9.0;1;1.0;;174.0;
5810-14-5860296;8;-169.0;-21.12;-77.0;64.0;348.0;43.5;179.0;22.38;8;7.0;1.0;233.0;64.0
7025-01-7006887;8;-168.0;-21.0;-107.0;34.0;281.0;35.12;113.0;14.12;8;5.0;3.0;211.0;43.0
5998-14-5115509;4;160.0;40.0;-65.0;281.0;133.0;33.25;293.0;73.25;4;3.0;1.0;121.0;281.0
6130-14-5977740;2;159.0;79.5;11.0;148.0;4.0;2.0;163.0;81.5;2;;2.0;;159.0
5820-14-5353198;1;156.0;156.0;156.0;156.0;4.0;4.0;160.0;160.0;1;;1.0;;156.0
7010-14-6062927;1;-150.0;-150.0;-150.0;-150.0;153.0;153.0;3.0;3.0;1;1.0;;150.0;
5810-14-5949212;3;148.0;49.33;-10.0;154.0;43.0;14.33;191.0;63.67;3;1.0;2.0;10.0;158.0
6030-01-5849988;5;-148.0;-29.6;-127.0;34.0;228.0;45.6;80.0;16.0;5;3.0;2.0;194.0;46.0
5820-99-5013078;2;-147.0;-73.5;-158.0;11.0;294.0;147.0;147.0;73.5;2;1.0;1.0;158.0;11.0
5895-01-5413058;1;147.0;147.0;147.0;147.0;1.0;1.0;148.0;148.0;1;;1.0;;147.0
5805-01-6442680;5;144.0;28.8;0.0;96.0;73.0;14.6;217.0;43.4;5;;4.0;;144.0
5998-14-5648968;9;-137.0;-15.22;-48.0;24.0;182.0;20.22;45.0;5.0;9;7.0;1.0;161.0;24.0
5975-01-6429653;7;137.0;19.57;-67.0;249.0;212.0;30.29;349.0;49.86;7;6.0;1.0;112.0;249.0
5930-01-6107547;1;136.0;136.0;136.0;136.0;9.0;9.0;145.0;145.0;1;;1.0;;136.0
5820-99-9251541;4;-136.0;-34.0;-111.0;-5.0;141.0;35.25;5.0;1.25;4;4.0;;136.0;
5820-14-6011983;2;130.0;65.0;19.0;111.0;52.0;26.0;182.0;91.0;2;;2.0;;130.0
5895-14-5892200;2;-127.0;-63.5;-168.0;41.0;259.0;129.5;132.0;66.0;2;1.0;1.0;168.0;41.0
5961-01-6107733;2;126.0;63.0;-1.0;127.0;3.0;1.5;129.0;64.5;2;1.0;1.0;1.0;127.0
5895-01-6548830;4;-125.0;-31.25;-102.0;-1.0;143.0;35.75;18.0;4.5;4;4.0;;125.0;
5965-14-5596464;3;124.0;41.33;-291.0;416.0;393.0;131.0;517.0;172.33;3;2.0;1.0;292.0;416.0
5820-14-5568480;1;123.0;123.0;123.0;123.0;5.0;5.0;128.0;128.0;1;;1.0;;123.0
5998-14-5223319;1;122.0;122.0;122.0;122.0;2.0;2.0;124.0;124.0;1;;1.0;;122.0
5999-14-5416056;1;120.0;120.0;120.0;120.0;1.0;1.0;121.0;121.0;1;;1.0;;120.0
7025-14-5812058;6;-120.0;-20.0;-58.0;26.0;176.0;29.33;56.0;9.33;6;5.0;1.0;146.0;26.0
7025-15-1577947;1;116.0;116.0;116.0;116.0;9.0;9.0;125.0;125.0;1;;1.0;;116.0
5805-14-5395175;3;-112.0;-37.33;-102.0;82.0;200.0;66.67;88.0;29.33;3;2.0;1.0;194.0;82.0
7025-01-6519677;6;-110.0;-18.33;-44.0;-3.0;120.0;20.0;10.0;1.67;6;6.0;;110.0;
5805-14-5649505;4;-109.0;-27.25;-86.0;94.0;209.0;52.25;100.0;25.0;4;3.0;1.0;203.0;94.0
7025-15-0137638;2;-108.0;-54.0;-57.0;-51.0;127.0;63.5;19.0;9.5;2;2.0;;108.0;
5895-14-5501846;2;107.0;53.5;3.0;104.0;2.0;1.0;109.0;54.5;2;;2.0;;107.0
5998-14-5164413;1;104.0;104.0;104.0;104.0;2.0;2.0;106.0;106.0;1;;1.0;;104.0
5820-99-8564345;1;-104.0;-104.0;-104.0;-104.0;128.0;128.0;24.0;24.0;1;1.0;;104.0;
7025-14-5953534;1;-101.0;-101.0;-101.0;-101.0;102.0;102.0;1.0;1.0;1;1.0;;101.0;
5998-14-4536854;1;-100.0;-100.0;-100.0;-100.0;102.0;102.0;2.0;2.0;1;1.0;;100.0;
5998-14-5649253;8;-100.0;-12.5;-45.0;53.0;179.0;22.38;79.0;9.88;8;6.0;2.0;154.0;54.0
5805-14-5407612;1;100.0;100.0;100.0;100.0;4.0;4.0;104.0;104.0;1;;1.0;;100.0
7025-01-6295560;3;-99.0;-33.0;-85.0;-5.0;113.0;37.67;14.0;4.67;3;3.0;;99.0;
5998-14-4636517;1;-96.0;-96.0;-96.0;-96.0;99.0;99.0;3.0;3.0;1;1.0;;96.0;
5895-14-5877858;1;95.0;95.0;95.0;95.0;5.0;5.0;100.0;100.0;1;;1.0;;95.0
5998-14-4491646;2;94.0;47.0;-6.0;100.0;15.0;7.5;109.0;54.5;2;1.0;1.0;6.0;100.0
6130-14-5875950;3;-93.0;-31.0;-78.0;-3.0;121.0;40.33;28.0;9.33;3;3.0;;93.0;
5998-14-5812746;4;-90.0;-22.5;-59.0;-3.0;100.0;25.0;10.0;2.5;4;4.0;;90.0;
9010-DI-0012022;5;89.0;17.8;-17.0;54.0;73.0;14.6;162.0;32.4;5;1.0;3.0;17.0;106.0
5998-20-0085537;5;-89.0;-17.8;-51.0;-1.0;100.0;20.0;11.0;2.2;5;5.0;;89.0;
5895-14-5781725;1;-88.0;-88.0;-88.0;-88.0;96.0;96.0;8.0;8.0;1;1.0;;88.0;
5998-14-4491644;1;87.0;87.0;87.0;87.0;4.0;4.0;91.0;91.0;1;;1.0;;87.0
7025-01-6336396;6;-85.0;-14.17;-29.0;-2.0;110.0;18.33;25.0;4.17;6;6.0;;85.0;
5820-14-5697607;4;83.0;20.75;-3.0;75.0;100.0;25.0;183.0;45.75;4;2.0;2.0;6.0;89.0
5998-14-4491642;2;83.0;41.5;-9.0;92.0;18.0;9.0;101.0;50.5;2;1.0;1.0;9.0;92.0
7025-14-5947628;2;82.0;41.0;-25.0;107.0;36.0;18.0;118.0;59.0;2;1.0;1.0;25.0;107.0
5895-14-5603031;2;82.0;41.0;-19.0;101.0;22.0;11.0;104.0;52.0;2;1.0;1.0;19.0;101.0
5998-14-5729634;8;-81.0;-10.12;-36.0;49.0;151.0;18.88;70.0;8.75;8;7.0;1.0;130.0;49.0
5998-01-5587804;1;81.0;81.0;81.0;81.0;4.0;4.0;85.0;85.0;1;;1.0;;81.0
7025-14-5884199;2;-80.0;-40.0;-121.0;41.0;131.0;65.5;51.0;25.5;2;1.0;1.0;121.0;41.0
7035-14-5885006;1;-80.0;-80.0;-80.0;-80.0;93.0;93.0;13.0;13.0;1;1.0;;80.0;
5895-01-4758630;3;79.0;26.33;0.0;77.0;27.0;9.0;106.0;35.33;3;;2.0;;79.0
5895-14-5713842;2;-79.0;-39.5;-80.0;1.0;91.0;45.5;12.0;6.0;2;1.0;1.0;80.0;1.0
5820-14-5875877;2;79.0;39.5;6.0;73.0;40.0;20.0;119.0;59.5;2;;2.0;;79.0
5895-20-0078044;4;-76.0;-19.0;-51.0;-1.0;84.0;21.0;8.0;2.0;4;4.0;;76.0;
7025-01-5008812;1;76.0;76.0;76.0;76.0;1.0;1.0;77.0;77.0;1;;1.0;;76.0
5998-14-4252193;2;75.0;37.5;-4.0;79.0;9.0;4.5;84.0;42.0;2;1.0;1.0;4.0;79.0
5810-14-5860301;1;74.0;74.0;74.0;74.0;8.0;8.0;82.0;82.0;1;;1.0;;74.0
5998-14-4491643;2;74.0;37.0;-2.0;76.0;6.0;3.0;80.0;40.0;2;1.0;1.0;2.0;76.0
7025-14-5534827;1;74.0;74.0;74.0;74.0;16.0;16.0;90.0;90.0;1;;1.0;;74.0
5895-14-5606807;2;-73.0;-36.5;-55.0;-18.0;79.0;39.5;6.0;3.0;2;2.0;;73.0;
5998-14-5649402;5;73.0;14.6;-16.0;95.0;35.0;7.0;108.0;21.6;5;2.0;3.0;25.0;98.0
7490-01-6289942;5;-73.0;-14.6;-27.0;-3.0;90.0;18.0;17.0;3.4;5;5.0;;73.0;
5895-14-5713812;2;-70.0;-35.0;-64.0;-6.0;76.0;38.0;6.0;3.0;2;2.0;;70.0;
5998-14-5115514;4;69.0;17.25;-126.0;275.0;212.0;53.0;281.0;70.25;4;3.0;1.0;206.0;275.0
7050-14-5714044;1;-69.0;-69.0;-69.0;-69.0;75.0;75.0;6.0;6.0;1;1.0;;69.0;
7025-15-0010786;2;68.0;34.0;-20.0;88.0;34.0;17.0;102.0;51.0;2;1.0;1.0;20.0;88.0
5998-14-4491651;1;68.0;68.0;68.0;68.0;4.0;4.0;72.0;72.0;1;;1.0;;68.0
5998-14-6021506;1;67.0;67.0;67.0;67.0;4.0;4.0;71.0;71.0;1;;1.0;;67.0
7025-14-5714152;2;-67.0;-33.5;-65.0;-2.0;75.0;37.5;8.0;4.0;2;2.0;;67.0;
7025-01-7068901;2;65.0;32.5;-16.0;81.0;33.0;16.5;98.0;49.0;2;1.0;1.0;16.0;81.0
7025-14-5534842;2;65.0;32.5;0.0;65.0;7.0;3.5;72.0;36.0;2;;1.0;;65.0
5998-14-5115539;3;-65.0;-21.67;-42.0;-10.0;71.0;23.67;6.0;2.0;3;3.0;;65.0;
6030-01-4858177;1;65.0;65.0;65.0;65.0;10.0;10.0;75.0;75.0;1;;1.0;;65.0
6130-14-5797008;3;-64.0;-21.33;-50.0;-3.0;84.0;28.0;20.0;6.67;3;3.0;;64.0;
7025-14-6034814;3;-63.0;-21.0;-35.0;-9.0;72.0;24.0;9.0;3.0;3;3.0;;63.0;
7025-01-6013212;1;62.0;62.0;62.0;62.0;7.0;7.0;69.0;69.0;1;;1.0;;62.0
5805-14-5795343;1;-62.0;-62.0;-62.0;-62.0;63.0;63.0;1.0;1.0;1;1.0;;62.0;
7025-01-5388114;2;62.0;31.0;1.0;61.0;8.0;4.0;70.0;35.0;2;;2.0;;62.0
7025-01-6720552;8;-61.0;-7.62;-21.0;54.0;128.0;16.0;67.0;8.38;8;7.0;1.0;115.0;54.0
7025-01-7016891;8;-61.0;-7.62;-50.0;14.0;157.0;19.62;96.0;12.0;8;4.0;4.0;93.0;32.0
5998-14-5223322;1;61.0;61.0;61.0;61.0;2.0;2.0;63.0;63.0;1;;1.0;;61.0
5998-14-4491658;1;61.0;61.0;61.0;61.0;3.0;3.0;64.0;64.0;1;;1.0;;61.0
5998-14-4491645;1;60.0;60.0;60.0;60.0;4.0;4.0;64.0;64.0;1;;1.0;;60.0
7025-01-6533455;1;-60.0;-60.0;-60.0;-60.0;71.0;71.0;11.0;11.0;1;1.0;;60.0;
7025-01-6525478;1;60.0;60.0;60.0;60.0;2.0;2.0;62.0;62.0;1;;1.0;;60.0
6130-14-4491648;1;59.0;59.0;59.0;59.0;2.0;2.0;61.0;61.0;1;;1.0;;59.0
5998-20-0085538;3;-58.0;-19.33;-39.0;-9.0;63.0;21.0;5.0;1.67;3;3.0;;58.0;
5998-14-5149583;3;-58.0;-19.33;-47.0;-2.0;66.0;22.0;8.0;2.67;3;3.0;;58.0;
5998-14-5115538;3;-57.0;-19.0;-28.0;-10.0;63.0;21.0;6.0;2.0;3;3.0;;57.0;
7025-14-5950147;1;57.0;57.0;57.0;57.0;21.0;21.0;78.0;78.0;1;;1.0;;57.0
7025-01-6659124;7;-56.0;-8.0;-24.0;-2.0;80.0;11.43;24.0;3.43;7;7.0;;56.0;
5895-14-5818581;4;-55.0;-13.75;-46.0;20.0;100.0;25.0;45.0;11.25;4;2.0;1.0;75.0;20.0
5895-01-6038918;2;54.0;27.0;-15.0;69.0;19.0;9.5;73.0;36.5;2;1.0;1.0;15.0;69.0
5895-14-5591085;2;53.0;26.5;-1.0;54.0;29.0;14.5;82.0;41.0;2;1.0;1.0;1.0;54.0
7010-14-5933477;1;-53.0;-53.0;-53.0;-53.0;56.0;56.0;3.0;3.0;1;1.0;;53.0;
5998-14-4491655;2;53.0;26.5;-4.0;57.0;9.0;4.5;62.0;31.0;2;1.0;1.0;4.0;57.0
7010-14-5870866;1;52.0;52.0;52.0;52.0;3.0;3.0;55.0;55.0;1;;1.0;;52.0
6130-01-6439237;2;52.0;26.0;-6.0;58.0;18.0;9.0;70.0;35.0;2;1.0;1.0;6.0;58.0
7035-14-5499899;1;52.0;52.0;52.0;52.0;2.0;2.0;54.0;54.0;1;;1.0;;52.0
5805-14-5395177;4;51.0;12.75;-10.0;62.0;19.0;4.75;70.0;17.5;4;2.0;2.0;13.0;64.0
5998-14-4392518;1;51.0;51.0;51.0;51.0;1.0;1.0;52.0;52.0;1;;1.0;;51.0
5965-14-4177295;1;51.0;51.0;51.0;51.0;4.0;4.0;55.0;55.0;1;;1.0;;51.0
7025-01-6997334;4;-50.0;-12.5;-40.0;27.0;117.0;29.25;67.0;16.75;4;3.0;1.0;77.0;27.0
5820-99-9596146;2;-50.0;-25.0;-70.0;20.0;174.0;87.0;124.0;62.0;2;1.0;1.0;70.0;20.0
6130-14-5650944;4;-49.0;-12.25;-31.0;1.0;64.0;16.0;15.0;3.75;4;3.0;1.0;50.0;1.0
7025-01-6667665;2;-48.0;-24.0;-52.0;4.0;54.0;27.0;6.0;3.0;2;1.0;1.0;52.0;4.0
5895-01-6658656;2;-47.0;-23.5;-38.0;-9.0;50.0;25.0;3.0;1.5;2;2.0;;47.0;
6130-14-5641779;1;46.0;46.0;46.0;46.0;2.0;2.0;48.0;48.0;1;;1.0;;46.0
9030-DI-1012015;1;-46.0;-46.0;-46.0;-46.0;50.0;50.0;4.0;4.0;1;1.0;;46.0;
8145-14-5955933;1;45.0;45.0;45.0;45.0;1.0;1.0;46.0;46.0;1;;1.0;;45.0
5998-14-5314940;1;44.0;44.0;44.0;44.0;4.0;4.0;48.0;48.0;1;;1.0;;44.0
5825-64-0000616;4;-44.0;-11.0;-41.0;0.0;52.0;13.0;8.0;2.0;4;2.0;;44.0;
5810-14-5879461;6;-44.0;-7.33;-20.0;7.0;63.0;10.5;19.0;3.17;6;5.0;1.0;51.0;7.0
5998-14-4491657;1;44.0;44.0;44.0;44.0;2.0;2.0;46.0;46.0;1;;1.0;;44.0
5998-14-4491641;1;43.0;43.0;43.0;43.0;8.0;8.0;51.0;51.0;1;;1.0;;43.0
7025-01-5997505;2;43.0;21.5;13.0;30.0;3.0;1.5;46.0;23.0;2;;2.0;;43.0
7025-14-5947967;4;-43.0;-10.75;-32.0;9.0;82.0;20.5;39.0;9.75;4;3.0;1.0;52.0;9.0
5975-14-5882845;7;-41.0;-5.86;-36.0;32.0;119.0;17.0;78.0;11.14;7;4.0;1.0;73.0;32.0
5998-14-4535521;1;-41.0;-41.0;-41.0;-41.0;42.0;42.0;1.0;1.0;1;1.0;;41.0;
6130-01-6470900;2;-40.0;-20.0;-37.0;-3.0;43.0;21.5;3.0;1.5;2;2.0;;40.0;
7035-14-5914936;2;40.0;20.0;-16.0;56.0;20.0;10.0;60.0;30.0;2;1.0;1.0;16.0;56.0
5998-14-4852172;1;39.0;39.0;39.0;39.0;2.0;2.0;41.0;41.0;1;;1.0;;39.0
9080-DI-0392021;2;-39.0;-19.5;-42.0;3.0;50.0;25.0;11.0;5.5;2;1.0;1.0;42.0;3.0
5895-14-5223346;1;38.0;38.0;38.0;38.0;1.0;1.0;39.0;39.0;1;;1.0;;38.0
7035-01-6852648;2;-37.0;-18.5;-37.0;0.0;41.0;20.5;4.0;2.0;2;1.0;;37.0;
7025-14-5961091;1;37.0;37.0;37.0;37.0;9.0;9.0;46.0;46.0;1;;1.0;;37.0
7025-01-6409763;3;-37.0;-12.33;-34.0;15.0;63.0;21.0;26.0;8.67;3;2.0;1.0;52.0;15.0
5895-14-5892204;2;37.0;18.5;8.0;29.0;42.0;21.0;79.0;39.5;2;;2.0;;37.0
7025-14-5894540;1;-37.0;-37.0;-37.0;-37.0;38.0;38.0;1.0;1.0;1;1.0;;37.0;
5998-14-5217075;3;-36.0;-12.0;-19.0;-7.0;42.0;14.0;6.0;2.0;3;3.0;;36.0;
5895-01-6412003;1;-36.0;-36.0;-36.0;-36.0;44.0;44.0;8.0;8.0;1;1.0;;36.0;
7025-01-5259491;2;36.0;18.0;-7.0;43.0;10.0;5.0;46.0;23.0;2;1.0;1.0;7.0;43.0
7050-20-0042340;6;36.0;6.0;-71.0;242.0;237.0;39.5;273.0;45.5;6;5.0;1.0;206.0;242.0
5895-01-6659304;5;-36.0;-7.2;-16.0;6.0;57.0;11.4;21.0;4.2;5;4.0;1.0;42.0;6.0
5820-22-6229684;3;-35.0;-11.67;-26.0;-1.0;49.0;16.33;14.0;4.67;3;3.0;;35.0;
7025-14-5849743;3;-35.0;-11.67;-46.0;31.0;74.0;24.67;39.0;13.0;3;2.0;1.0;66.0;31.0
5985-14-5944610;3;-35.0;-11.67;-30.0;0.0;45.0;15.0;10.0;3.33;3;2.0;;35.0;
7025-01-6305849;2;-35.0;-17.5;-52.0;17.0;62.0;31.0;27.0;13.5;2;1.0;1.0;52.0;17.0
7025-01-6571299;6;-35.0;-5.83;-15.0;0.0;43.0;7.17;8.0;1.33;6;5.0;;35.0;
5998-14-4491656;1;34.0;34.0;34.0;34.0;4.0;4.0;38.0;38.0;1;;1.0;;34.0
5998-14-5890370;3;-34.0;-11.33;-44.0;15.0;62.0;20.67;28.0;9.33;3;2.0;1.0;49.0;15.0
7025-14-5874071;1;-34.0;-34.0;-34.0;-34.0;39.0;39.0;5.0;5.0;1;1.0;;34.0;
5810-14-5763435;2;-34.0;-17.0;-24.0;-10.0;37.0;18.5;3.0;1.5;2;2.0;;34.0;
5120-12-4068022;2;34.0;17.0;0.0;34.0;25.0;12.5;59.0;29.5;2;;1.0;;34.0
7025-01-6429649;1;-33.0;-33.0;-33.0;-33.0;34.0;34.0;1.0;1.0;1;1.0;;33.0;
5998-20-0085539;3;-33.0;-11.0;-22.0;4.0;50.0;16.67;17.0;5.67;3;2.0;1.0;37.0;4.0
7025-17-1254851;1;33.0;33.0;33.0;33.0;1.0;1.0;34.0;34.0;1;;1.0;;33.0
7025-14-5947791;1;33.0;33.0;33.0;33.0;4.0;4.0;37.0;37.0;1;;1.0;;33.0
7490-01-5822347;3;-33.0;-11.0;-31.0;1.0;40.0;13.33;7.0;2.33;3;2.0;1.0;34.0;1.0
6130-14-5654861;1;-33.0;-33.0;-33.0;-33.0;34.0;34.0;1.0;1.0;1;1.0;;33.0;
5895-14-5147140;1;33.0;33.0;33.0;33.0;2.0;2.0;35.0;35.0;1;;1.0;;33.0
5998-14-5649409;4;33.0;8.25;-2.0;34.0;7.0;1.75;40.0;10.0;4;1.0;2.0;2.0;35.0
7025-01-6470038;1;33.0;33.0;33.0;33.0;1.0;1.0;34.0;34.0;1;;1.0;;33.0
5998-14-5776623;3;-33.0;-11.0;-21.0;-5.0;38.0;12.67;5.0;1.67;3;3.0;;33.0;
5975-14-6014460;4;33.0;8.25;-14.0;61.0;35.0;8.75;68.0;17.0;4;3.0;1.0;28.0;61.0
5998-14-4535518;1;-32.0;-32.0;-32.0;-32.0;34.0;34.0;2.0;2.0;1;1.0;;32.0;
5998-14-4852177;1;-32.0;-32.0;-32.0;-32.0;36.0;36.0;4.0;4.0;1;1.0;;32.0;
5810-14-5860297;3;32.0;10.67;-4.0;39.0;10.0;3.33;42.0;14.0;3;2.0;1.0;7.0;39.0
7025-01-7061923;1;32.0;32.0;32.0;32.0;7.0;7.0;39.0;39.0;1;;1.0;;32.0
5998-14-5900499;2;-32.0;-16.0;-25.0;-7.0;45.0;22.5;13.0;6.5;2;2.0;;32.0;
7025-01-6691110;5;-31.0;-6.2;-31.0;20.0;59.0;11.8;28.0;5.6;5;4.0;1.0;51.0;20.0
7025-01-6735508;3;-31.0;-10.33;-31.0;5.0;46.0;15.33;15.0;5.0;3;2.0;1.0;36.0;5.0
7050-14-5822576;3;31.0;10.33;-61.0;123.0;198.0;66.0;229.0;76.33;3;2.0;1.0;92.0;123.0
5998-14-5649411;6;-31.0;-5.17;-31.0;41.0;86.0;14.33;55.0;9.17;6;5.0;1.0;72.0;41.0
7010-14-5944723;1;-31.0;-31.0;-31.0;-31.0;32.0;32.0;1.0;1.0;1;1.0;;31.0;
7035-14-5860693;3;30.0;10.0;-31.0;69.0;44.0;14.67;74.0;24.67;3;2.0;1.0;39.0;69.0
5895-14-5470829;1;30.0;30.0;30.0;30.0;9.0;9.0;39.0;39.0;1;;1.0;;30.0
5810-14-5872748;2;-30.0;-15.0;-23.0;-7.0;32.0;16.0;2.0;1.0;2;2.0;;30.0;
7025-01-6429660;2;-30.0;-15.0;-27.0;-3.0;37.0;18.5;7.0;3.5;2;2.0;;30.0;
5998-14-5649223;3;30.0;10.0;-4.0;36.0;14.0;4.67;44.0;14.67;3;2.0;1.0;6.0;36.0
9010-DI-1022014;1;-30.0;-30.0;-30.0;-30.0;33.0;33.0;3.0;3.0;1;1.0;;30.0;
5998-14-4682244;1;30.0;30.0;30.0;30.0;2.0;2.0;32.0;32.0;1;;1.0;;30.0
7010-14-5696893;1;-29.0;-29.0;-29.0;-29.0;50.0;50.0;21.0;21.0;1;1.0;;29.0;
7025-01-6620265;1;-29.0;-29.0;-29.0;-29.0;31.0;31.0;2.0;2.0;1;1.0;;29.0;
5998-14-4852170;1;29.0;29.0;29.0;29.0;2.0;2.0;31.0;31.0;1;;1.0;;29.0
7025-01-6229697;1;29.0;29.0;29.0;29.0;23.0;23.0;52.0;52.0;1;;1.0;;29.0
5895-01-6592493;2;-29.0;-14.5;-26.0;-3.0;35.0;17.5;6.0;3.0;2;2.0;;29.0;
7025-99-8201129;2;-29.0;-14.5;-23.0;-6.0;38.0;19.0;9.0;4.5;2;2.0;;29.0;
7035-15-0231142;2;-29.0;-14.5;-29.0;0.0;38.0;19.0;9.0;4.5;2;1.0;;29.0;
7035-12-4012369;4;-28.0;-7.0;-60.0;58.0;105.0;26.25;77.0;19.25;4;2.0;1.0;86.0;58.0
DIRI-14-0002652;1;28.0;28.0;28.0;28.0;1.0;1.0;29.0;29.0;1;;1.0;;28.0
5998-14-4747177;2;-28.0;-14.0;-21.0;-7.0;32.0;16.0;4.0;2.0;2;2.0;;28.0;
DIRI-14-0003149;2;-28.0;-14.0;-27.0;-1.0;40.0;20.0;12.0;6.0;2;2.0;;28.0;
5895-01-6692703;3;-28.0;-9.33;-13.0;-3.0;37.0;12.33;9.0;3.0;3;3.0;;28.0;
5998-14-4636519;1;-28.0;-28.0;-28.0;-28.0;29.0;29.0;1.0;1.0;1;1.0;;28.0;
8145-14-5886587;1;28.0;28.0;28.0;28.0;2.0;2.0;30.0;30.0;1;;1.0;;28.0
5998-14-4535523;1;-27.0;-27.0;-27.0;-27.0;30.0;30.0;3.0;3.0;1;1.0;;27.0;
7025-01-6429635;3;27.0;9.0;-8.0;39.0;20.0;6.67;47.0;15.67;3;2.0;1.0;12.0;39.0
5998-01-6108956;1;27.0;27.0;27.0;27.0;2.0;2.0;29.0;29.0;1;;1.0;;27.0
7025-01-6671018;1;-27.0;-27.0;-27.0;-27.0;31.0;31.0;4.0;4.0;1;1.0;;27.0;
5998-14-4747179;2;-26.0;-13.0;-19.0;-7.0;30.0;15.0;4.0;2.0;2;2.0;;26.0;
DIRI-14-0001869;1;25.0;25.0;25.0;25.0;3.0;3.0;28.0;28.0;1;;1.0;;25.0
5895-14-5714032;1;-25.0;-25.0;-25.0;-25.0;26.0;26.0;1.0;1.0;1;1.0;;25.0;
6130-14-5714038;1;-25.0;-25.0;-25.0;-25.0;29.0;29.0;4.0;4.0;1;1.0;;25.0;
5805-14-4813168;1;-25.0;-25.0;-25.0;-25.0;36.0;36.0;11.0;11.0;1;1.0;;25.0;
5998-14-5649251;7;-25.0;-3.57;-56.0;89.0;150.0;21.43;125.0;17.86;7;6.0;1.0;114.0;89.0
7025-14-5884250;1;-25.0;-25.0;-25.0;-25.0;36.0;36.0;11.0;11.0;1;1.0;;25.0;
5820-22-6224794;4;-25.0;-6.25;-15.0;0.0;34.0;8.5;9.0;2.25;4;3.0;;25.0;
5810-14-5872750;2;-24.0;-12.0;-23.0;-1.0;26.0;13.0;2.0;1.0;2;2.0;;24.0;
5998-14-5540116;3;24.0;8.0;-8.0;31.0;17.0;5.67;41.0;13.67;3;1.0;2.0;8.0;32.0
6130-14-5839922;1;-24.0;-24.0;-24.0;-24.0;25.0;25.0;1.0;1.0;1;1.0;;24.0;
7025-01-6162699;4;-24.0;-6.0;-11.0;1.0;32.0;8.0;8.0;2.0;4;3.0;1.0;25.0;1.0
7025-14-5651814;1;24.0;24.0;24.0;24.0;1.0;1.0;25.0;25.0;1;;1.0;;24.0
7010-14-5699183;1;-24.0;-24.0;-24.0;-24.0;26.0;26.0;2.0;2.0;1;1.0;;24.0;
5998-14-5649434;8;-24.0;-3.0;-16.0;35.0;89.0;11.12;65.0;8.12;8;7.0;1.0;59.0;35.0
7050-01-6000825;3;-24.0;-8.0;-20.0;-2.0;35.0;11.67;11.0;3.67;3;3.0;;24.0;
5825-01-5391144;2;-23.0;-11.5;-23.0;0.0;35.0;17.5;12.0;6.0;2;1.0;;23.0;
5975-01-6312801;2;22.0;11.0;-3.0;25.0;5.0;2.5;27.0;13.5;2;1.0;1.0;3.0;25.0
5895-14-5993795;1;22.0;22.0;22.0;22.0;1.0;1.0;23.0;23.0;1;;1.0;;22.0
5998-14-4823886;2;-22.0;-11.0;-15.0;-7.0;26.0;13.0;4.0;2.0;2;2.0;;22.0;
5998-14-4761677;1;22.0;22.0;22.0;22.0;1.0;1.0;23.0;23.0;1;;1.0;;22.0
7025-01-6013219;1;22.0;22.0;22.0;22.0;1.0;1.0;23.0;23.0;1;;1.0;;22.0
5805-14-5407613;3;22.0;7.33;-351.0;483.0;485.0;161.67;507.0;169.0;3;2.0;1.0;461.0;483.0
5805-01-6721744;5;22.0;4.4;-12.0;46.0;46.0;9.2;68.0;13.6;5;3.0;1.0;24.0;46.0
7025-01-6429667;1;22.0;22.0;22.0;22.0;10.0;10.0;32.0;32.0;1;;1.0;;22.0
7021-14-5732755;2;-21.0;-10.5;-18.0;-3.0;27.0;13.5;6.0;3.0;2;2.0;;21.0;
7025-14-6066248;1;-21.0;-21.0;-21.0;-21.0;49.0;49.0;28.0;28.0;1;1.0;;21.0;
5805-14-5135582;1;-21.0;-21.0;-21.0;-21.0;22.0;22.0;1.0;1.0;1;1.0;;21.0;
7050-01-6861556;3;21.0;7.0;1.0;16.0;42.0;14.0;63.0;21.0;3;;3.0;;21.0
5985-14-5511392;2;21.0;10.5;-14.0;35.0;20.0;10.0;41.0;20.5;2;1.0;1.0;14.0;35.0
9010-DI-1012013;1;-21.0;-21.0;-21.0;-21.0;23.0;23.0;2.0;2.0;1;1.0;;21.0;
6130-14-5649300;4;20.0;5.0;-13.0;45.0;38.0;9.5;58.0;14.5;4;3.0;1.0;25.0;45.0
6130-01-6798090;1;-20.0;-20.0;-20.0;-20.0;22.0;22.0;2.0;2.0;1;1.0;;20.0;
7010-14-5961808;8;-20.0;-2.5;-24.0;10.0;52.0;6.5;32.0;4.0;8;5.0;2.0;37.0;17.0
5805-14-5883097;2;20.0;10.0;-17.0;37.0;25.0;12.5;45.0;22.5;2;1.0;1.0;17.0;37.0
6130-14-4532514;1;-20.0;-20.0;-20.0;-20.0;21.0;21.0;1.0;1.0;1;1.0;;20.0;
5985-14-4659246;2;20.0;10.0;8.0;12.0;20.0;10.0;40.0;20.0;2;;2.0;;20.0
7025-14-5812059;3;-20.0;-6.67;-9.0;-4.0;25.0;8.33;5.0;1.67;3;3.0;;20.0;
DIRI-14-0004877;1;20.0;20.0;20.0;20.0;2.0;2.0;22.0;22.0;1;;1.0;;20.0
5835-12-4150504;2;-20.0;-10.0;-14.0;-6.0;29.0;14.5;9.0;4.5;2;2.0;;20.0;
7025-01-5379117;2;-20.0;-10.0;-19.0;-1.0;40.0;20.0;20.0;10.0;2;2.0;;20.0;
7025-14-5930620;1;20.0;20.0;20.0;20.0;3.0;3.0;23.0;23.0;1;;1.0;;20.0
5998-14-5126208;1;-20.0;-20.0;-20.0;-20.0;21.0;21.0;1.0;1.0;1;1.0;;20.0;
7025-14-5947596;3;-20.0;-6.67;-11.0;-2.0;29.0;9.67;9.0;3.0;3;3.0;;20.0;
5895-01-5555276;2;19.0;9.5;-178.0;197.0;202.0;101.0;221.0;110.5;2;1.0;1.0;178.0;197.0
5998-14-4536850;1;-19.0;-19.0;-19.0;-19.0;20.0;20.0;1.0;1.0;1;1.0;;19.0;
7025-17-1278675;1;19.0;19.0;19.0;19.0;5.0;5.0;24.0;24.0;1;;1.0;;19.0
7025-01-6680574;2;19.0;9.5;-10.0;29.0;13.0;6.5;32.0;16.0;2;1.0;1.0;10.0;29.0
7010-14-5862611;1;19.0;19.0;19.0;19.0;4.0;4.0;23.0;23.0;1;;1.0;;19.0
6130-14-5129607;1;19.0;19.0;19.0;19.0;1.0;1.0;20.0;20.0;1;;1.0;;19.0
5895-14-6008059;1;-19.0;-19.0;-19.0;-19.0;21.0;21.0;2.0;2.0;1;1.0;;19.0;
5895-14-5927592;1;18.0;18.0;18.0;18.0;1.0;1.0;19.0;19.0;1;;1.0;;18.0
5805-14-5899554;1;-18.0;-18.0;-18.0;-18.0;23.0;23.0;5.0;5.0;1;1.0;;18.0;
5895-14-5637548;1;18.0;18.0;18.0;18.0;4.0;4.0;22.0;22.0;1;;1.0;;18.0
DIRI-14-0004643;1;18.0;18.0;18.0;18.0;1.0;1.0;19.0;19.0;1;;1.0;;18.0
7025-01-6844735;6;18.0;3.0;-4.0;10.0;61.0;10.17;79.0;13.17;6;2.0;3.0;5.0;23.0
5998-14-4761678;1;18.0;18.0;18.0;18.0;2.0;2.0;20.0;20.0;1;;1.0;;18.0
5805-14-5117389;1;-18.0;-18.0;-18.0;-18.0;20.0;20.0;2.0;2.0;1;1.0;;18.0;
7035-25-1476091;1;17.0;17.0;17.0;17.0;1.0;1.0;18.0;18.0;1;;1.0;;17.0
5998-14-5223334;1;17.0;17.0;17.0;17.0;3.0;3.0;20.0;20.0;1;;1.0;;17.0
7025-14-6066924;1;17.0;17.0;17.0;17.0;7.0;7.0;24.0;24.0;1;;1.0;;17.0
6130-01-6654038;1;17.0;17.0;17.0;17.0;1.0;1.0;18.0;18.0;1;;1.0;;17.0
5895-14-5767842;2;-17.0;-8.5;-10.0;-7.0;26.0;13.0;9.0;4.5;2;2.0;;17.0;
7050-14-5464042;3;-17.0;-5.67;-15.0;-1.0;22.0;7.33;5.0;1.67;3;3.0;;17.0;
6130-01-6594359;1;-17.0;-17.0;-17.0;-17.0;18.0;18.0;1.0;1.0;1;1.0;;17.0;
5805-01-5795097;1;-17.0;-17.0;-17.0;-17.0;18.0;18.0;1.0;1.0;1;1.0;;17.0;
7025-14-5930484;1;16.0;16.0;16.0;16.0;5.0;5.0;21.0;21.0;1;;1.0;;16.0
5805-14-4220850;1;16.0;16.0;16.0;16.0;2.0;2.0;18.0;18.0;1;;1.0;;16.0
5895-01-6998026;3;-16.0;-5.33;-21.0;3.0;24.0;8.0;8.0;2.67;3;1.0;2.0;21.0;5.0
5895-14-4784400;1;16.0;16.0;16.0;16.0;1.0;1.0;17.0;17.0;1;;1.0;;16.0
5975-14-4491638;1;16.0;16.0;16.0;16.0;2.0;2.0;18.0;18.0;1;;1.0;;16.0
5895-15-2168665;1;-16.0;-16.0;-16.0;-16.0;19.0;19.0;3.0;3.0;1;1.0;;16.0;
5998-14-4852169;3;-16.0;-5.33;-33.0;41.0;69.0;23.0;53.0;17.67;3;2.0;1.0;57.0;41.0
8145-14-5886585;1;16.0;16.0;16.0;16.0;2.0;2.0;18.0;18.0;1;;1.0;;16.0
5895-22-6161898;2;-15.0;-7.5;-14.0;-1.0;24.0;12.0;9.0;4.5;2;2.0;;15.0;
5998-14-4852180;3;15.0;5.0;-21.0;39.0;30.0;10.0;45.0;15.0;3;2.0;1.0;24.0;39.0
7025-14-6031213;1;15.0;15.0;15.0;15.0;1.0;1.0;16.0;16.0;1;;1.0;;15.0
7025-22-6279694;1;15.0;15.0;15.0;15.0;2.0;2.0;17.0;17.0;1;;1.0;;15.0
7021-01-5844460;1;15.0;15.0;15.0;15.0;11.0;11.0;26.0;26.0;1;;1.0;;15.0
7025-01-5933588;1;15.0;15.0;15.0;15.0;17.0;17.0;32.0;32.0;1;;1.0;;15.0
9010-DI-1012016;5;-15.0;-3.0;-34.0;11.0;74.0;14.8;59.0;11.8;5;2.0;3.0;35.0;20.0
7025-01-6611870;1;-15.0;-15.0;-15.0;-15.0;22.0;22.0;7.0;7.0;1;1.0;;15.0;
9080-DI-0372021;1;15.0;15.0;15.0;15.0;3.0;3.0;18.0;18.0;1;;1.0;;15.0
7025-01-5868738;1;15.0;15.0;15.0;15.0;6.0;6.0;21.0;21.0;1;;1.0;;15.0
5805-14-5216514;1;15.0;15.0;15.0;15.0;4.0;4.0;19.0;19.0;1;;1.0;;15.0
6130-14-5976924;1;-15.0;-15.0;-15.0;-15.0;18.0;18.0;3.0;3.0;1;1.0;;15.0;
5998-14-4852168;2;14.0;7.0;-14.0;28.0;17.0;8.5;31.0;15.5;2;1.0;1.0;14.0;28.0
7025-01-4976237;1;-14.0;-14.0;-14.0;-14.0;16.0;16.0;2.0;2.0;1;1.0;;14.0;
5805-01-5636332;2;14.0;7.0;0.0;14.0;2.0;1.0;16.0;8.0;2;;1.0;;14.0
7010-26-3013874;1;-14.0;-14.0;-14.0;-14.0;17.0;17.0;3.0;3.0;1;1.0;;14.0;
7025-01-6787839;1;-14.0;-14.0;-14.0;-14.0;15.0;15.0;1.0;1.0;1;1.0;;14.0;
5998-01-6590122;1;-14.0;-14.0;-14.0;-14.0;15.0;15.0;1.0;1.0;1;1.0;;14.0;
7025-01-6113327;2;14.0;7.0;-1.0;15.0;9.0;4.5;23.0;11.5;2;1.0;1.0;1.0;15.0
6140-14-5654871;2;-14.0;-7.0;-12.0;-2.0;16.0;8.0;2.0;1.0;2;2.0;;14.0;
5998-14-5649220;1;-14.0;-14.0;-14.0;-14.0;15.0;15.0;1.0;1.0;1;1.0;;14.0;
7025-14-5584463;3;14.0;4.67;-2.0;17.0;8.0;2.67;22.0;7.33;3;2.0;1.0;3.0;17.0
7010-01-6902880;2;-14.0;-7.0;-25.0;11.0;32.0;16.0;18.0;9.0;2;1.0;1.0;25.0;11.0
6130-01-6429643;2;-14.0;-7.0;-11.0;-3.0;17.0;8.5;3.0;1.5;2;2.0;;14.0;
5895-14-5795081;1;-14.0;-14.0;-14.0;-14.0;15.0;15.0;1.0;1.0;1;1.0;;14.0;
5836-01-7013353;1;-14.0;-14.0;-14.0;-14.0;16.0;16.0;2.0;2.0;1;1.0;;14.0;
6625-01-6829918;1;14.0;14.0;14.0;14.0;2.0;2.0;16.0;16.0;1;;1.0;;14.0
7035-01-6773797;1;-14.0;-14.0;-14.0;-14.0;24.0;24.0;10.0;10.0;1;1.0;;14.0;
5895-01-7022542;4;-13.0;-3.25;-22.0;4.0;50.0;12.5;37.0;9.25;4;1.0;3.0;22.0;9.0
5895-01-6075842;1;-13.0;-13.0;-13.0;-13.0;25.0;25.0;12.0;12.0;1;1.0;;13.0;
6130-15-1804826;1;-13.0;-13.0;-13.0;-13.0;17.0;17.0;4.0;4.0;1;1.0;;13.0;
5998-14-5115515;1;-13.0;-13.0;-13.0;-13.0;18.0;18.0;5.0;5.0;1;1.0;;13.0;
5895-01-6592841;1;-13.0;-13.0;-13.0;-13.0;14.0;14.0;1.0;1.0;1;1.0;;13.0;
6130-14-4852167;3;-13.0;-4.33;-40.0;49.0;78.0;26.0;65.0;21.67;3;2.0;1.0;62.0;49.0
5998-14-4891305;1;-13.0;-13.0;-13.0;-13.0;15.0;15.0;2.0;2.0;1;1.0;;13.0;
5895-14-5223318;1;-13.0;-13.0;-13.0;-13.0;14.0;14.0;1.0;1.0;1;1.0;;13.0;
5895-14-6094639;1;13.0;13.0;13.0;13.0;1.0;1.0;14.0;14.0;1;;1.0;;13.0
5820-14-5649881;2;13.0;6.5;5.0;8.0;2.0;1.0;15.0;7.5;2;;2.0;;13.0
7025-01-6505078;1;13.0;13.0;13.0;13.0;1.0;1.0;14.0;14.0;1;;1.0;;13.0
7021-01-6973011;1;-12.0;-12.0;-12.0;-12.0;16.0;16.0;4.0;4.0;1;1.0;;12.0;
7010-14-5874077;1;-12.0;-12.0;-12.0;-12.0;13.0;13.0;1.0;1.0;1;1.0;;12.0;
6130-14-5849963;1;12.0;12.0;12.0;12.0;1.0;1.0;13.0;13.0;1;;1.0;;12.0
5998-14-6035944;1;12.0;12.0;12.0;12.0;4.0;4.0;16.0;16.0;1;;1.0;;12.0
5930-01-6692243;5;-12.0;-2.4;-20.0;26.0;67.0;13.4;55.0;11.0;5;4.0;1.0;38.0;26.0
5998-14-4747169;1;-12.0;-12.0;-12.0;-12.0;15.0;15.0;3.0;3.0;1;1.0;;12.0;
7025-20-0094505;1;12.0;12.0;12.0;12.0;3.0;3.0;15.0;15.0;1;;1.0;;12.0
5895-01-5598030;2;-12.0;-6.0;-10.0;-2.0;15.0;7.5;3.0;1.5;2;2.0;;12.0;
5895-01-6548913;1;12.0;12.0;12.0;12.0;4.0;4.0;16.0;16.0;1;;1.0;;12.0
7025-14-6078971;1;-12.0;-12.0;-12.0;-12.0;14.0;14.0;2.0;2.0;1;1.0;;12.0;
7035-14-5536385;1;12.0;12.0;12.0;12.0;5.0;5.0;17.0;17.0;1;;1.0;;12.0
5895-14-5536338;1;-12.0;-12.0;-12.0;-12.0;16.0;16.0;4.0;4.0;1;1.0;;12.0;
7025-14-5947383;1;12.0;12.0;12.0;12.0;4.0;4.0;16.0;16.0;1;;1.0;;12.0
5895-14-5854195;1;-12.0;-12.0;-12.0;-12.0;20.0;20.0;8.0;8.0;1;1.0;;12.0;
5820-01-6785684;2;12.0;6.0;-3.0;15.0;9.0;4.5;21.0;10.5;2;1.0;1.0;3.0;15.0
7025-14-5694773;1;-12.0;-12.0;-12.0;-12.0;18.0;18.0;6.0;6.0;1;1.0;;12.0;
5895-37-5195061;2;-12.0;-6.0;-10.0;-2.0;17.0;8.5;5.0;2.5;2;2.0;;12.0;
7025-01-6036810;1;12.0;12.0;12.0;12.0;4.0;4.0;16.0;16.0;1;;1.0;;12.0
9080-DI-0412021;1;-12.0;-12.0;-12.0;-12.0;14.0;14.0;2.0;2.0;1;1.0;;12.0;
5805-15-2220909;1;-12.0;-12.0;-12.0;-12.0;17.0;17.0;5.0;5.0;1;1.0;;12.0;
7025-66-1638304;2;-12.0;-6.0;-10.0;-2.0;17.0;8.5;5.0;2.5;2;2.0;;12.0;
5805-01-6666436;1;-12.0;-12.0;-12.0;-12.0;15.0;15.0;3.0;3.0;1;1.0;;12.0;
5998-14-5216511;1;-11.0;-11.0;-11.0;-11.0;14.0;14.0;3.0;3.0;1;1.0;;11.0;
8145-14-5886584;1;11.0;11.0;11.0;11.0;1.0;1.0;12.0;12.0;1;;1.0;;11.0
7435-15-0102549;1;11.0;11.0;11.0;11.0;14.0;14.0;25.0;25.0;1;;1.0;;11.0
7025-14-5947569;2;11.0;5.5;-20.0;31.0;28.0;14.0;39.0;19.5;2;1.0;1.0;20.0;31.0
7025-01-6823189;2;-11.0;-5.5;-10.0;-1.0;17.0;8.5;6.0;3.0;2;2.0;;11.0;
6140-14-5937794;1;11.0;11.0;11.0;11.0;1.0;1.0;12.0;12.0;1;;1.0;;11.0
5895-39-0013584;1;-11.0;-11.0;-11.0;-11.0;12.0;12.0;1.0;1.0;1;1.0;;11.0;
7025-01-5812378;2;11.0;5.5;-2.0;13.0;14.0;7.0;25.0;12.5;2;1.0;1.0;2.0;13.0
5998-14-4535516;1;-11.0;-11.0;-11.0;-11.0;12.0;12.0;1.0;1.0;1;1.0;;11.0;
5998-14-5149568;2;-11.0;-5.5;-8.0;-3.0;15.0;7.5;4.0;2.0;2;2.0;;11.0;
6030-01-4861256;2;11.0;5.5;-2.0;13.0;6.0;3.0;17.0;8.5;2;1.0;1.0;2.0;13.0
7025-15-1413082;1;11.0;11.0;11.0;11.0;2.0;2.0;13.0;13.0;1;;1.0;;11.0
5895-01-5716701;1;-10.0;-10.0;-10.0;-10.0;11.0;11.0;1.0;1.0;1;1.0;;10.0;
7025-14-5452181;2;10.0;5.0;3.0;7.0;12.0;6.0;22.0;11.0;2;;2.0;;10.0
5998-14-4978786;1;-10.0;-10.0;-10.0;-10.0;12.0;12.0;2.0;2.0;1;1.0;;10.0;
5998-14-5149570;1;-10.0;-10.0;-10.0;-10.0;11.0;11.0;1.0;1.0;1;1.0;;10.0;
5836-37-5349926;2;-10.0;-5.0;-20.0;10.0;25.0;12.5;15.0;7.5;2;1.0;1.0;20.0;10.0
5998-14-5803460;1;-10.0;-10.0;-10.0;-10.0;17.0;17.0;7.0;7.0;1;1.0;;10.0;
7025-20-0063155;2;-10.0;-5.0;-5.0;-5.0;43.0;21.5;33.0;16.5;2;2.0;;10.0;
5895-14-5874648;1;10.0;10.0;10.0;10.0;1.0;1.0;11.0;11.0;1;;1.0;;10.0
5895-25-1626130;1;-10.0;-10.0;-10.0;-10.0;11.0;11.0;1.0;1.0;1;1.0;;10.0;
5998-14-4761905;1;-10.0;-10.0;-10.0;-10.0;12.0;12.0;2.0;2.0;1;1.0;;10.0;
6030-14-5711031;1;-10.0;-10.0;-10.0;-10.0;12.0;12.0;2.0;2.0;1;1.0;;10.0;
5915-14-4852181;2;10.0;5.0;-39.0;49.0;53.0;26.5;63.0;31.5;2;1.0;1.0;39.0;49.0
DIRI-14-0000189;2;-10.0;-5.0;-10.0;0.0;12.0;6.0;2.0;1.0;2;1.0;;10.0;
5996-14-5886251;1;-10.0;-10.0;-10.0;-10.0;11.0;11.0;1.0;1.0;1;1.0;;10.0;
6130-01-6590426;1;-10.0;-10.0;-10.0;-10.0;14.0;14.0;4.0;4.0;1;1.0;;10.0;
5998-14-4852178;2;9.0;4.5;-15.0;24.0;21.0;10.5;30.0;15.0;2;1.0;1.0;15.0;24.0
5998-14-4761676;1;9.0;9.0;9.0;9.0;4.0;4.0;13.0;13.0;1;;1.0;;9.0
5998-14-5271978;1;-9.0;-9.0;-9.0;-9.0;10.0;10.0;1.0;1.0;1;1.0;;9.0;
5895-01-6548839;1;-9.0;-9.0;-9.0;-9.0;10.0;10.0;1.0;1.0;1;1.0;;9.0;
7021-14-5910771;1;9.0;9.0;9.0;9.0;5.0;5.0;14.0;14.0;1;;1.0;;9.0
7025-01-6409765;2;9.0;4.5;-2.0;11.0;9.0;4.5;18.0;9.0;2;1.0;1.0;2.0;11.0
7025-15-0168229;1;9.0;9.0;9.0;9.0;3.0;3.0;12.0;12.0;1;;1.0;;9.0
5810-14-5872765;1;9.0;9.0;9.0;9.0;3.0;3.0;12.0;12.0;1;;1.0;;9.0
7010-14-5717703;2;-9.0;-4.5;-9.0;0.0;12.0;6.0;3.0;1.5;2;1.0;;9.0;
7025-14-5959022;1;9.0;9.0;9.0;9.0;6.0;6.0;15.0;15.0;1;;1.0;;9.0
5998-14-5149588;3;-9.0;-3.0;-6.0;-1.0;13.0;4.33;4.0;1.33;3;3.0;;9.0;
5820-17-1247012;2;-9.0;-4.5;-10.0;1.0;16.0;8.0;7.0;3.5;2;1.0;1.0;10.0;1.0
5820-14-5960623;1;9.0;9.0;9.0;9.0;7.0;7.0;16.0;16.0;1;;1.0;;9.0
5998-14-5147122;1;9.0;9.0;9.0;9.0;2.0;2.0;11.0;11.0;1;;1.0;;9.0
DIRI-14-0002850;1;9.0;9.0;9.0;9.0;5.0;5.0;14.0;14.0;1;;1.0;;9.0
5998-14-4852174;1;9.0;9.0;9.0;9.0;2.0;2.0;11.0;11.0;1;;1.0;;9.0
5820-14-5892201;1;-9.0;-9.0;-9.0;-9.0;14.0;14.0;5.0;5.0;1;1.0;;9.0;
5895-14-5951970;3;9.0;3.0;-96.0;90.0;315.0;105.0;324.0;108.0;3;1.0;2.0;96.0;105.0
5998-14-4761675;2;9.0;4.5;-5.0;14.0;11.0;5.5;20.0;10.0;2;1.0;1.0;5.0;14.0
5805-01-6433469;1;8.0;8.0;8.0;8.0;4.0;4.0;12.0;12.0;1;;1.0;;8.0
7035-01-6774521;1;8.0;8.0;8.0;8.0;2.0;2.0;10.0;10.0;1;;1.0;;8.0
9080-DI-0362021;1;-8.0;-8.0;-8.0;-8.0;9.0;9.0;1.0;1.0;1;1.0;;8.0;
6030-14-5737039;1;8.0;8.0;8.0;8.0;1.0;1.0;9.0;9.0;1;;1.0;;8.0
9020-DI-1082016;2;-8.0;-4.0;-7.0;-1.0;14.0;7.0;6.0;3.0;2;2.0;;8.0;
5805-14-5427833;1;8.0;8.0;8.0;8.0;1.0;1.0;9.0;9.0;1;;1.0;;8.0
5805-01-6414432;1;8.0;8.0;8.0;8.0;7.0;7.0;15.0;15.0;1;;1.0;;8.0
5998-14-5115541;1;-8.0;-8.0;-8.0;-8.0;9.0;9.0;1.0;1.0;1;1.0;;8.0;
6030-14-5451517;1;-8.0;-8.0;-8.0;-8.0;10.0;10.0;2.0;2.0;1;1.0;;8.0;
5895-14-5900888;1;8.0;8.0;8.0;8.0;2.0;2.0;10.0;10.0;1;;1.0;;8.0
7025-01-5154390;1;-8.0;-8.0;-8.0;-8.0;9.0;9.0;1.0;1.0;1;1.0;;8.0;
5998-14-4852163;3;-8.0;-2.67;-32.0;47.0;69.0;23.0;61.0;20.33;3;2.0;1.0;55.0;47.0
7025-01-5690988;2;8.0;4.0;3.0;5.0;8.0;4.0;16.0;8.0;2;;2.0;;8.0
5998-14-4392519;1;8.0;8.0;8.0;8.0;1.0;1.0;9.0;9.0;1;;1.0;;8.0
7025-01-6822886;2;-8.0;-4.0;-7.0;-1.0;29.0;14.5;21.0;10.5;2;2.0;;8.0;
7025-01-6906089;1;-8.0;-8.0;-8.0;-8.0;13.0;13.0;5.0;5.0;1;1.0;;8.0;
7025-14-6033579;1;8.0;8.0;8.0;8.0;2.0;2.0;10.0;10.0;1;;1.0;;8.0
5998-14-5649245;2;8.0;4.0;-1.0;9.0;6.0;3.0;14.0;7.0;2;1.0;1.0;1.0;9.0
7010-01-6516598;1;-8.0;-8.0;-8.0;-8.0;11.0;11.0;3.0;3.0;1;1.0;;8.0;
5895-14-5878983;1;-8.0;-8.0;-8.0;-8.0;10.0;10.0;2.0;2.0;1;1.0;;8.0;
5895-14-5854233;1;-8.0;-8.0;-8.0;-8.0;9.0;9.0;1.0;1.0;1;1.0;;8.0;
5895-14-5695085;2;8.0;4.0;4.0;4.0;2.0;1.0;10.0;5.0;2;;2.0;;8.0
6730-14-5863391;1;8.0;8.0;8.0;8.0;1.0;1.0;9.0;9.0;1;;1.0;;8.0
6710-01-6661357;1;-8.0;-8.0;-8.0;-8.0;13.0;13.0;5.0;5.0;1;1.0;;8.0;
7010-01-6441911;1;-7.0;-7.0;-7.0;-7.0;19.0;19.0;12.0;12.0;1;1.0;;7.0;
7010-14-5717701;1;-7.0;-7.0;-7.0;-7.0;9.0;9.0;2.0;2.0;1;1.0;;7.0;
7035-14-5916707;1;-7.0;-7.0;-7.0;-7.0;17.0;17.0;10.0;10.0;1;1.0;;7.0;
7025-01-6429656;1;-7.0;-7.0;-7.0;-7.0;8.0;8.0;1.0;1.0;1;1.0;;7.0;
7010-14-5926783;1;7.0;7.0;7.0;7.0;4.0;4.0;11.0;11.0;1;;1.0;;7.0
7025-01-5944903;1;-7.0;-7.0;-7.0;-7.0;10.0;10.0;3.0;3.0;1;1.0;;7.0;
7025-01-5898446;1;7.0;7.0;7.0;7.0;6.0;6.0;13.0;13.0;1;;1.0;;7.0
7025-01-5621812;1;-7.0;-7.0;-7.0;-7.0;21.0;21.0;14.0;14.0;1;1.0;;7.0;
7035-01-6158873;1;-7.0;-7.0;-7.0;-7.0;20.0;20.0;13.0;13.0;1;1.0;;7.0;
7025-14-6013580;1;-7.0;-7.0;-7.0;-7.0;9.0;9.0;2.0;2.0;1;1.0;;7.0;
9010-DI-1032014;1;7.0;7.0;7.0;7.0;5.0;5.0;12.0;12.0;1;;1.0;;7.0
5110-14-5672350;1;7.0;7.0;7.0;7.0;1.0;1.0;8.0;8.0;1;;1.0;;7.0
5998-14-5649248;2;-7.0;-3.5;-17.0;10.0;19.0;9.5;12.0;6.0;2;1.0;1.0;17.0;10.0
5998-14-5648947;3;7.0;2.33;-2.0;9.0;13.0;4.33;20.0;6.67;3;1.0;1.0;2.0;9.0
5820-99-7543461;1;-7.0;-7.0;-7.0;-7.0;9.0;9.0;2.0;2.0;1;1.0;;7.0;
5820-99-2176599;1;-7.0;-7.0;-7.0;-7.0;23.0;23.0;16.0;16.0;1;1.0;;7.0;
5895-14-6008118;1;-7.0;-7.0;-7.0;-7.0;9.0;9.0;2.0;2.0;1;1.0;;7.0;
5998-14-4852175;2;7.0;3.5;-15.0;22.0;22.0;11.0;29.0;14.5;2;1.0;1.0;15.0;22.0
5895-14-5854248;1;-7.0;-7.0;-7.0;-7.0;9.0;9.0;2.0;2.0;1;1.0;;7.0;
5975-14-4491636;1;7.0;7.0;7.0;7.0;3.0;3.0;10.0;10.0;1;;1.0;;7.0
5895-01-5059537;1;7.0;7.0;7.0;7.0;7.0;7.0;14.0;14.0;1;;1.0;;7.0
5820-01-6504028;2;7.0;3.5;-7.0;14.0;9.0;4.5;16.0;8.0;2;1.0;1.0;7.0;14.0
5998-14-5149581;4;7.0;1.75;-110.0;202.0;207.0;51.75;214.0;53.5;4;3.0;1.0;195.0;202.0
5985-22-6196630;1;-7.0;-7.0;-7.0;-7.0;10.0;10.0;3.0;3.0;1;1.0;;7.0;
5820-98-2043141;1;7.0;7.0;7.0;7.0;1.0;1.0;8.0;8.0;1;;1.0;;7.0
5998-14-4761918;1;-7.0;-7.0;-7.0;-7.0;9.0;9.0;2.0;2.0;1;1.0;;7.0;
5998-14-4760551;1;-7.0;-7.0;-7.0;-7.0;8.0;8.0;1.0;1.0;1;1.0;;7.0;
6130-12-4051298;2;7.0;3.5;0.0;7.0;6.0;3.0;13.0;6.5;2;;1.0;;7.0
7010-14-5954173;1;6.0;6.0;6.0;6.0;4.0;4.0;10.0;10.0;1;;1.0;;6.0
7025-01-6266751;1;-6.0;-6.0;-6.0;-6.0;10.0;10.0;4.0;4.0;1;1.0;;6.0;
5998-14-5729629;5;-6.0;-1.2;-18.0;24.0;40.0;8.0;34.0;6.8;5;4.0;1.0;30.0;24.0
5998-14-5216510;2;-6.0;-3.0;-3.0;-3.0;10.0;5.0;4.0;2.0;2;2.0;;6.0;
7490-01-7136454;3;6.0;2.0;1.0;3.0;5.0;1.67;11.0;3.67;3;;3.0;;6.0
9010-DI-1072015;1;6.0;6.0;6.0;6.0;1.0;1.0;7.0;7.0;1;;1.0;;6.0
5810-14-6104556;1;6.0;6.0;6.0;6.0;3.0;3.0;9.0;9.0;1;;1.0;;6.0
5998-14-5595820;2;6.0;3.0;-6.0;12.0;9.0;4.5;15.0;7.5;2;1.0;1.0;6.0;12.0
5895-14-5888112;1;6.0;6.0;6.0;6.0;1.0;1.0;7.0;7.0;1;;1.0;;6.0
9010-DI-1072013;1;-6.0;-6.0;-6.0;-6.0;8.0;8.0;2.0;2.0;1;1.0;;6.0;
5820-14-5649877;2;6.0;3.0;-17.0;23.0;19.0;9.5;25.0;12.5;2;1.0;1.0;17.0;23.0
6130-14-4761679;1;6.0;6.0;6.0;6.0;2.0;2.0;8.0;8.0;1;;1.0;;6.0
7025-14-5899492;1;6.0;6.0;6.0;6.0;9.0;9.0;15.0;15.0;1;;1.0;;6.0
7035-01-6775865;1;6.0;6.0;6.0;6.0;2.0;2.0;8.0;8.0;1;;1.0;;6.0
5930-01-6473900;1;-6.0;-6.0;-6.0;-6.0;7.0;7.0;1.0;1.0;1;1.0;;6.0;
7050-27-0248275;1;-6.0;-6.0;-6.0;-6.0;7.0;7.0;1.0;1.0;1;1.0;;6.0;
7025-01-5160134;1;-6.0;-6.0;-6.0;-6.0;14.0;14.0;8.0;8.0;1;1.0;;6.0;
7025-01-5802001;1;-6.0;-6.0;-6.0;-6.0;7.0;7.0;1.0;1.0;1;1.0;;6.0;
7025-01-6065502;2;-6.0;-3.0;-11.0;5.0;30.0;15.0;24.0;12.0;2;1.0;1.0;11.0;5.0
7025-01-7017005;1;-6.0;-6.0;-6.0;-6.0;7.0;7.0;1.0;1.0;1;1.0;;6.0;
5820-22-6161404;1;-6.0;-6.0;-6.0;-6.0;13.0;13.0;7.0;7.0;1;1.0;;6.0;
6130-01-6014800;1;6.0;6.0;6.0;6.0;1.0;1.0;7.0;7.0;1;;1.0;;6.0
7025-01-6746466;4;-6.0;-1.5;-2.0;-1.0;12.0;3.0;6.0;1.5;4;4.0;;6.0;
7025-01-6571266;1;-6.0;-6.0;-6.0;-6.0;8.0;8.0;2.0;2.0;1;1.0;;6.0;
5895-14-5454738;1;-6.0;-6.0;-6.0;-6.0;9.0;9.0;3.0;3.0;1;1.0;;6.0;
5895-14-5270509;1;-6.0;-6.0;-6.0;-6.0;8.0;8.0;2.0;2.0;1;1.0;;6.0;
5998-14-4852176;2;-6.0;-3.0;-22.0;16.0;28.0;14.0;22.0;11.0;2;1.0;1.0;22.0;16.0
DIRI-14-0000147;1;6.0;6.0;6.0;6.0;3.0;3.0;9.0;9.0;1;;1.0;;6.0
5820-14-6071994;2;-6.0;-3.0;-5.0;-1.0;12.0;6.0;6.0;3.0;2;2.0;;6.0;
5895-01-5354405;1;-6.0;-6.0;-6.0;-6.0;7.0;7.0;1.0;1.0;1;1.0;;6.0;
5895-14-5501850;1;-6.0;-6.0;-6.0;-6.0;7.0;7.0;1.0;1.0;1;1.0;;6.0;
5930-01-5997585;2;-5.0;-2.5;-7.0;2.0;11.0;5.5;6.0;3.0;2;1.0;1.0;7.0;2.0
7025-15-1830250;1;5.0;5.0;5.0;5.0;3.0;3.0;8.0;8.0;1;;1.0;;5.0
5996-14-4823376;1;-5.0;-5.0;-5.0;-5.0;6.0;6.0;1.0;1.0;1;1.0;;5.0;
7025-01-5872235;1;5.0;5.0;5.0;5.0;2.0;2.0;7.0;7.0;1;;1.0;;5.0
7025-99-3345611;1;5.0;5.0;5.0;5.0;3.0;3.0;8.0;8.0;1;;1.0;;5.0
5998-14-4852164;1;5.0;5.0;5.0;5.0;1.0;1.0;6.0;6.0;1;;1.0;;5.0
5998-01-5863401;1;5.0;5.0;5.0;5.0;10.0;10.0;15.0;15.0;1;;1.0;;5.0
5998-14-5149587;3;5.0;1.67;0.0;4.0;4.0;1.33;9.0;3.0;3;;2.0;;5.0
7025-01-6241110;6;5.0;0.83;-17.0;34.0;40.0;6.67;45.0;7.5;6;4.0;2.0;31.0;36.0
5998-14-4823904;1;-5.0;-5.0;-5.0;-5.0;7.0;7.0;2.0;2.0;1;1.0;;5.0;
5820-22-6363449;1;-5.0;-5.0;-5.0;-5.0;12.0;12.0;7.0;7.0;1;1.0;;5.0;
5820-01-5587811;1;5.0;5.0;5.0;5.0;1.0;1.0;6.0;6.0;1;;1.0;;5.0
9030-DI-0012017;1;-5.0;-5.0;-5.0;-5.0;10.0;10.0;5.0;5.0;1;1.0;;5.0;
5975-14-5355910;2;-5.0;-2.5;-5.0;0.0;9.0;4.5;4.0;2.0;2;1.0;;5.0;
7025-14-5955956;1;-5.0;-5.0;-5.0;-5.0;6.0;6.0;1.0;1.0;1;1.0;;5.0;
6130-01-6583657;1;-5.0;-5.0;-5.0;-5.0;6.0;6.0;1.0;1.0;1;1.0;;5.0;
DIRI-14-0004182;1;5.0;5.0;5.0;5.0;2.0;2.0;7.0;7.0;1;;1.0;;5.0
7025-01-6550777;1;-5.0;-5.0;-5.0;-5.0;7.0;7.0;2.0;2.0;1;1.0;;5.0;
7035-01-6083487;2;5.0;2.5;-13.0;18.0;20.0;10.0;25.0;12.5;2;1.0;1.0;13.0;18.0
9090-DI-ELI0001;1;5.0;5.0;5.0;5.0;1.0;1.0;6.0;6.0;1;;1.0;;5.0
5805-71-0399731;1;-5.0;-5.0;-5.0;-5.0;10.0;10.0;5.0;5.0;1;1.0;;5.0;
7025-14-5885005;1;5.0;5.0;5.0;5.0;6.0;6.0;11.0;11.0;1;;1.0;;5.0
5810-14-5872772;1;-5.0;-5.0;-5.0;-5.0;6.0;6.0;1.0;1.0;1;1.0;;5.0;
5810-14-5879458;1;5.0;5.0;5.0;5.0;1.0;1.0;6.0;6.0;1;;1.0;;5.0
5895-14-5710809;1;-5.0;-5.0;-5.0;-5.0;6.0;6.0;1.0;1.0;1;1.0;;5.0;
5985-14-5618739;1;5.0;5.0;5.0;5.0;5.0;5.0;10.0;10.0;1;;1.0;;5.0
7025-01-6471718;1;-5.0;-5.0;-5.0;-5.0;6.0;6.0;1.0;1.0;1;1.0;;5.0;
5830-14-5548763;1;5.0;5.0;5.0;5.0;6.0;6.0;11.0;11.0;1;;1.0;;5.0
5998-14-5648977;2;5.0;2.5;-8.0;13.0;12.0;6.0;17.0;8.5;2;1.0;1.0;8.0;13.0
9010-DI-1062012;1;5.0;5.0;5.0;5.0;2.0;2.0;7.0;7.0;1;;1.0;;5.0
5895-14-5730049;3;-5.0;-1.67;-7.0;3.0;15.0;5.0;10.0;3.33;3;2.0;1.0;8.0;3.0
7025-14-5931735;1;-5.0;-5.0;-5.0;-5.0;6.0;6.0;1.0;1.0;1;1.0;;5.0;
9010-DI-1072016;1;-5.0;-5.0;-5.0;-5.0;50.0;50.0;45.0;45.0;1;1.0;;5.0;
6130-14-5740012;1;4.0;4.0;4.0;4.0;2.0;2.0;6.0;6.0;1;;1.0;;4.0
DIRI-14-0002769;1;4.0;4.0;4.0;4.0;1.0;1.0;5.0;5.0;1;;1.0;;4.0
7025-01-6675302;1;4.0;4.0;4.0;4.0;1.0;1.0;5.0;5.0;1;;1.0;;4.0
5895-14-5597509;1;4.0;4.0;4.0;4.0;2.0;2.0;6.0;6.0;1;;1.0;;4.0
7025-01-5543248;1;4.0;4.0;4.0;4.0;2.0;2.0;6.0;6.0;1;;1.0;;4.0
5915-14-4852179;3;-4.0;-1.33;-38.0;63.0;79.0;26.33;75.0;25.0;3;2.0;1.0;67.0;63.0
5998-14-4761920;1;-4.0;-4.0;-4.0;-4.0;6.0;6.0;2.0;2.0;1;1.0;;4.0;
9030-DI-0012014;2;-4.0;-2.0;-29.0;25.0;35.0;17.5;31.0;15.5;2;1.0;1.0;29.0;25.0
5895-14-5595817;1;4.0;4.0;4.0;4.0;3.0;3.0;7.0;7.0;1;;1.0;;4.0
6625-33-2192577;1;4.0;4.0;4.0;4.0;1.0;1.0;5.0;5.0;1;;1.0;;4.0
5820-22-6244938;1;4.0;4.0;4.0;4.0;2.0;2.0;6.0;6.0;1;;1.0;;4.0
7025-01-5867725;2;-4.0;-2.0;-3.0;-1.0;8.0;4.0;4.0;2.0;2;2.0;;4.0;
DIRI-14-0006261;1;4.0;4.0;4.0;4.0;1.0;1.0;5.0;5.0;1;;1.0;;4.0
7025-01-6963056;4;-4.0;-1.0;-15.0;16.0;47.0;11.75;43.0;10.75;4;2.0;1.0;20.0;16.0
5998-14-4747163;1;-4.0;-4.0;-4.0;-4.0;6.0;6.0;2.0;2.0;1;1.0;;4.0;
7035-14-5914982;4;4.0;1.0;-9.0;19.0;34.0;8.5;38.0;9.5;4;3.0;1.0;15.0;19.0
5930-15-0180733;2;-4.0;-2.0;-2.0;-2.0;9.0;4.5;5.0;2.5;2;2.0;;4.0;
5895-14-5377197;1;4.0;4.0;4.0;4.0;5.0;5.0;9.0;9.0;1;;1.0;;4.0
7025-15-0168475;1;4.0;4.0;4.0;4.0;4.0;4.0;8.0;8.0;1;;1.0;;4.0
7025-01-6468008;1;-4.0;-4.0;-4.0;-4.0;8.0;8.0;4.0;4.0;1;1.0;;4.0;
5895-14-6004618;1;4.0;4.0;4.0;4.0;3.0;3.0;7.0;7.0;1;;1.0;;4.0
5985-15-0082430;1;4.0;4.0;4.0;4.0;1.0;1.0;5.0;5.0;1;;1.0;;4.0
5895-14-6075442;1;4.0;4.0;4.0;4.0;4.0;4.0;8.0;8.0;1;;1.0;;4.0
5998-14-5511953;1;-4.0;-4.0;-4.0;-4.0;5.0;5.0;1.0;1.0;1;1.0;;4.0;
7025-01-6712573;1;-4.0;-4.0;-4.0;-4.0;7.0;7.0;3.0;3.0;1;1.0;;4.0;
5998-01-4565949;1;-4.0;-4.0;-4.0;-4.0;7.0;7.0;3.0;3.0;1;1.0;;4.0;
7021-17-1278669;2;-4.0;-2.0;-9.0;5.0;12.0;6.0;8.0;4.0;2;1.0;1.0;9.0;5.0
5998-01-5834169;2;-4.0;-2.0;-4.0;0.0;9.0;4.5;5.0;2.5;2;1.0;;4.0;
5820-14-4673111;1;4.0;4.0;4.0;4.0;1.0;1.0;5.0;5.0;1;;1.0;;4.0
7025-01-6426701;1;4.0;4.0;4.0;4.0;1.0;1.0;5.0;5.0;1;;1.0;;4.0
5965-99-1571899;1;-3.0;-3.0;-3.0;-3.0;9.0;9.0;6.0;6.0;1;1.0;;3.0;
7025-01-6919340;1;-3.0;-3.0;-3.0;-3.0;4.0;4.0;1.0;1.0;1;1.0;;3.0;
7035-01-6753307;1;3.0;3.0;3.0;3.0;2.0;2.0;5.0;5.0;1;;1.0;;3.0
7025-01-6538334;1;3.0;3.0;3.0;3.0;4.0;4.0;7.0;7.0;1;;1.0;;3.0
7025-01-6264014;1;3.0;3.0;3.0;3.0;2.0;2.0;5.0;5.0;1;;1.0;;3.0
5930-15-0140306;1;-3.0;-3.0;-3.0;-3.0;6.0;6.0;3.0;3.0;1;1.0;;3.0;
5985-22-6043146;1;-3.0;-3.0;-3.0;-3.0;4.0;4.0;1.0;1.0;1;1.0;;3.0;
7025-01-6795313;1;-3.0;-3.0;-3.0;-3.0;4.0;4.0;1.0;1.0;1;1.0;;3.0;
5975-14-4761893;1;-3.0;-3.0;-3.0;-3.0;7.0;7.0;4.0;4.0;1;1.0;;3.0;
5820-99-5083499;1;3.0;3.0;3.0;3.0;1.0;1.0;4.0;4.0;1;;1.0;;3.0
7025-01-6301434;1;3.0;3.0;3.0;3.0;1.0;1.0;4.0;4.0;1;;1.0;;3.0
5975-01-6429655;1;-3.0;-3.0;-3.0;-3.0;4.0;4.0;1.0;1.0;1;1.0;;3.0;
5895-14-6099254;1;3.0;3.0;3.0;3.0;2.0;2.0;5.0;5.0;1;;1.0;;3.0
5998-14-4636521;1;-3.0;-3.0;-3.0;-3.0;5.0;5.0;2.0;2.0;1;1.0;;3.0;
5820-01-7078911;1;3.0;3.0;3.0;3.0;1.0;1.0;4.0;4.0;1;;1.0;;3.0
5820-01-6073345;1;3.0;3.0;3.0;3.0;1.0;1.0;4.0;4.0;1;;1.0;;3.0
7025-01-5977347;1;3.0;3.0;3.0;3.0;1.0;1.0;4.0;4.0;1;;1.0;;3.0
6730-14-5730476;1;-3.0;-3.0;-3.0;-3.0;4.0;4.0;1.0;1.0;1;1.0;;3.0;
5895-01-6906682;1;3.0;3.0;3.0;3.0;1.0;1.0;4.0;4.0;1;;1.0;;3.0
5895-14-2620980;1;3.0;3.0;3.0;3.0;2.0;2.0;5.0;5.0;1;;1.0;;3.0
5810-14-6005236;1;3.0;3.0;3.0;3.0;3.0;3.0;6.0;6.0;1;;1.0;;3.0
7025-14-6070179;1;3.0;3.0;3.0;3.0;1.0;1.0;4.0;4.0;1;;1.0;;3.0
9030-DI-1012013;1;-3.0;-3.0;-3.0;-3.0;5.0;5.0;2.0;2.0;1;1.0;;3.0;
9030-DI-1022013;1;3.0;3.0;3.0;3.0;3.0;3.0;6.0;6.0;1;;1.0;;3.0
9070-DI-0022023;1;3.0;3.0;3.0;3.0;7.0;7.0;10.0;10.0;1;;1.0;;3.0
5810-14-5668143;1;-3.0;-3.0;-3.0;-3.0;4.0;4.0;1.0;1.0;1;1.0;;3.0;
6130-25-1625841;1;3.0;3.0;3.0;3.0;4.0;4.0;7.0;7.0;1;;1.0;;3.0
6060-27-0676923;1;-3.0;-3.0;-3.0;-3.0;6.0;6.0;3.0;3.0;1;1.0;;3.0;
DIRI-14-0001992;1;-3.0;-3.0;-3.0;-3.0;6.0;6.0;3.0;3.0;1;1.0;;3.0;
5805-01-6146636;1;3.0;3.0;3.0;3.0;2.0;2.0;5.0;5.0;1;;1.0;;3.0
6130-14-5355924;1;-3.0;-3.0;-3.0;-3.0;5.0;5.0;2.0;2.0;1;1.0;;3.0;
7025-14-5984652;1;3.0;3.0;3.0;3.0;2.0;2.0;5.0;5.0;1;;1.0;;3.0
7010-14-5534805;2;-3.0;-1.5;-2.0;-1.0;5.0;2.5;2.0;1.0;2;2.0;;3.0;
5975-14-5325427;1;3.0;3.0;3.0;3.0;3.0;3.0;6.0;6.0;1;;1.0;;3.0
5895-01-5838449;1;3.0;3.0;3.0;3.0;3.0;3.0;6.0;6.0;1;;1.0;;3.0
7035-14-5956432;1;3.0;3.0;3.0;3.0;1.0;1.0;4.0;4.0;1;;1.0;;3.0
7025-01-5455184;4;-3.0;-0.75;-137.0;243.0;303.0;75.75;300.0;75.0;4;3.0;1.0;246.0;243.0
5820-14-6075773;1;3.0;3.0;3.0;3.0;1.0;1.0;4.0;4.0;1;;1.0;;3.0
7025-17-1278676;1;-3.0;-3.0;-3.0;-3.0;4.0;4.0;1.0;1.0;1;1.0;;3.0;
7025-14-4504323;2;-3.0;-1.5;-2.0;-1.0;5.0;2.5;2.0;1.0;2;2.0;;3.0;
5895-15-1922999;2;3.0;1.5;-4.0;7.0;8.0;4.0;11.0;5.5;2;1.0;1.0;4.0;7.0
7025-01-7035251;1;3.0;3.0;3.0;3.0;2.0;2.0;5.0;5.0;1;;1.0;;3.0
7195-14-5872686;2;-3.0;-1.5;-7.0;4.0;10.0;5.0;7.0;3.5;2;1.0;1.0;7.0;4.0
5998-14-5164411;1;-3.0;-3.0;-3.0;-3.0;4.0;4.0;1.0;1.0;1;1.0;;3.0;
5820-14-5855447;1;3.0;3.0;3.0;3.0;1.0;1.0;4.0;4.0;1;;1.0;;3.0
7025-17-1289200;1;-3.0;-3.0;-3.0;-3.0;8.0;8.0;5.0;5.0;1;1.0;;3.0;
7025-01-5944767;1;3.0;3.0;3.0;3.0;2.0;2.0;5.0;5.0;1;;1.0;;3.0
7025-01-7232642;1;3.0;3.0;3.0;3.0;2.0;2.0;5.0;5.0;1;;1.0;;3.0
5895-14-5606810;1;-2.0;-2.0;-2.0;-2.0;4.0;4.0;2.0;2.0;1;1.0;;2.0;
5975-14-4761674;1;2.0;2.0;2.0;2.0;3.0;3.0;5.0;5.0;1;;1.0;;2.0
5975-12-4027570;1;2.0;2.0;2.0;2.0;1.0;1.0;3.0;3.0;1;;1.0;;2.0
5930-01-5842661;1;2.0;2.0;2.0;2.0;2.0;2.0;4.0;4.0;1;;1.0;;2.0
7025-01-6702129;1;2.0;2.0;2.0;2.0;4.0;4.0;6.0;6.0;1;;1.0;;2.0
5895-14-5377196;1;2.0;2.0;2.0;2.0;12.0;12.0;14.0;14.0;1;;1.0;;2.0
5895-14-5166738;1;-2.0;-2.0;-2.0;-2.0;3.0;3.0;1.0;1.0;1;1.0;;2.0;
5895-01-5242108;1;-2.0;-2.0;-2.0;-2.0;3.0;3.0;1.0;1.0;1;1.0;;2.0;
5895-14-4839705;1;-2.0;-2.0;-2.0;-2.0;4.0;4.0;2.0;2.0;1;1.0;;2.0;
7025-14-5536987;1;-2.0;-2.0;-2.0;-2.0;8.0;8.0;6.0;6.0;1;1.0;;2.0;
5963-01-5295714;1;-2.0;-2.0;-2.0;-2.0;3.0;3.0;1.0;1.0;1;1.0;;2.0;
5965-99-3632588;1;2.0;2.0;2.0;2.0;25.0;25.0;27.0;27.0;1;;1.0;;2.0
7025-14-5803539;1;2.0;2.0;2.0;2.0;2.0;2.0;4.0;4.0;1;;1.0;;2.0
5895-01-6589142;1;2.0;2.0;2.0;2.0;1.0;1.0;3.0;3.0;1;;1.0;;2.0
5930-22-6312299;1;-2.0;-2.0;-2.0;-2.0;5.0;5.0;3.0;3.0;1;1.0;;2.0;
5975-14-4875871;1;-2.0;-2.0;-2.0;-2.0;3.0;3.0;1.0;1.0;1;1.0;;2.0;
6625-14-5734509;1;2.0;2.0;2.0;2.0;3.0;3.0;5.0;5.0;1;;1.0;;2.0
7021-14-5732754;1;-2.0;-2.0;-2.0;-2.0;6.0;6.0;4.0;4.0;1;1.0;;2.0;
7021-14-5732750;1;-2.0;-2.0;-2.0;-2.0;10.0;10.0;8.0;8.0;1;1.0;;2.0;
5998-14-5192060;1;-2.0;-2.0;-2.0;-2.0;3.0;3.0;1.0;1.0;1;1.0;;2.0;
7025-01-6601422;1;-2.0;-2.0;-2.0;-2.0;4.0;4.0;2.0;2.0;1;1.0;;2.0;
5998-14-5402907;1;-2.0;-2.0;-2.0;-2.0;3.0;3.0;1.0;1.0;1;1.0;;2.0;
7010-14-5918742;1;-2.0;-2.0;-2.0;-2.0;3.0;3.0;1.0;1.0;1;1.0;;2.0;
5820-14-5828152;1;-2.0;-2.0;-2.0;-2.0;3.0;3.0;1.0;1.0;1;1.0;;2.0;
5998-14-5595819;1;-2.0;-2.0;-2.0;-2.0;3.0;3.0;1.0;1.0;1;1.0;;2.0;
5998-14-5649212;2;2.0;1.0;-2.0;4.0;4.0;2.0;6.0;3.0;2;1.0;1.0;2.0;4.0
5998-14-5737608;1;-2.0;-2.0;-2.0;-2.0;5.0;5.0;3.0;3.0;1;1.0;;2.0;
7010-01-6292498;1;-2.0;-2.0;-2.0;-2.0;4.0;4.0;2.0;2.0;1;1.0;;2.0;
6625-14-6066670;1;-2.0;-2.0;-2.0;-2.0;3.0;3.0;1.0;1.0;1;1.0;;2.0;
6625-14-5670399;1;-2.0;-2.0;-2.0;-2.0;7.0;7.0;5.0;5.0;1;1.0;;2.0;
7025-01-4721969;1;-2.0;-2.0;-2.0;-2.0;3.0;3.0;1.0;1.0;1;1.0;;2.0;
6625-14-4797737;1;-2.0;-2.0;-2.0;-2.0;3.0;3.0;1.0;1.0;1;1.0;;2.0;
9030-DI-1012012;1;2.0;2.0;2.0;2.0;3.0;3.0;5.0;5.0;1;;1.0;;2.0
6625-01-4895585;1;-2.0;-2.0;-2.0;-2.0;3.0;3.0;1.0;1.0;1;1.0;;2.0;
5810-14-5980146;1;-2.0;-2.0;-2.0;-2.0;3.0;3.0;1.0;1.0;1;1.0;;2.0;
6150-01-6603858;1;2.0;2.0;2.0;2.0;12.0;12.0;14.0;14.0;1;;1.0;;2.0
6030-14-5737048;1;2.0;2.0;2.0;2.0;1.0;1.0;3.0;3.0;1;;1.0;;2.0
5805-71-0399726;1;-2.0;-2.0;-2.0;-2.0;3.0;3.0;1.0;1.0;1;1.0;;2.0;
6030-17-1210491;1;2.0;2.0;2.0;2.0;1.0;1.0;3.0;3.0;1;;1.0;;2.0
5180-01-6719403;1;-2.0;-2.0;-2.0;-2.0;3.0;3.0;1.0;1.0;1;1.0;;2.0;
6130-01-6606192;1;2.0;2.0;2.0;2.0;4.0;4.0;6.0;6.0;1;;1.0;;2.0
6130-14-4587098;1;-2.0;-2.0;-2.0;-2.0;3.0;3.0;1.0;1.0;1;1.0;;2.0;
6130-14-5355913;2;-2.0;-1.0;-4.0;2.0;11.0;5.5;9.0;4.5;2;1.0;1.0;4.0;2.0
5820-14-5892220;1;2.0;2.0;2.0;2.0;1.0;1.0;3.0;3.0;1;;1.0;;2.0
7025-14-5984746;1;-2.0;-2.0;-2.0;-2.0;3.0;3.0;1.0;1.0;1;1.0;;2.0;
5820-14-5892224;1;2.0;2.0;2.0;2.0;6.0;6.0;8.0;8.0;1;;1.0;;2.0
5820-30-7003089;1;2.0;2.0;2.0;2.0;1.0;1.0;3.0;3.0;1;;1.0;;2.0
5975-14-5882009;1;-2.0;-2.0;-2.0;-2.0;4.0;4.0;2.0;2.0;1;1.0;;2.0;
7025-01-6504722;1;-2.0;-2.0;-2.0;-2.0;4.0;4.0;2.0;2.0;1;1.0;;2.0;
7025-01-6469110;1;-2.0;-2.0;-2.0;-2.0;8.0;8.0;6.0;6.0;1;1.0;;2.0;
5998-01-4970950;1;-2.0;-2.0;-2.0;-2.0;3.0;3.0;1.0;1.0;1;1.0;;2.0;
5998-01-5372086;1;-2.0;-2.0;-2.0;-2.0;4.0;4.0;2.0;2.0;1;1.0;;2.0;
7025-01-6108647;1;-2.0;-2.0;-2.0;-2.0;4.0;4.0;2.0;2.0;1;1.0;;2.0;
7025-01-6038153;1;-2.0;-2.0;-2.0;-2.0;5.0;5.0;3.0;3.0;1;1.0;;2.0;
7035-14-5856050;1;2.0;2.0;2.0;2.0;1.0;1.0;3.0;3.0;1;;1.0;;2.0
5820-22-3090055;1;-2.0;-2.0;-2.0;-2.0;4.0;4.0;2.0;2.0;1;1.0;;2.0;
5998-14-4779666;1;-2.0;-2.0;-2.0;-2.0;3.0;3.0;1.0;1.0;1;1.0;;2.0;
5820-22-6226301;2;-1.0;-0.5;-1.0;0.0;18.0;9.0;17.0;8.5;2;1.0;;1.0;
5820-99-8703821;1;1.0;1.0;1.0;1.0;6.0;6.0;7.0;7.0;1;;1.0;;1.0
5895-14-5147138;1;-1.0;-1.0;-1.0;-1.0;2.0;2.0;1.0;1.0;1;1.0;;1.0;
5820-99-5995329;1;-1.0;-1.0;-1.0;-1.0;2.0;2.0;1.0;1.0;1;1.0;;1.0;
7035-01-6795875;1;1.0;1.0;1.0;1.0;1.0;1.0;2.0;2.0;1;;1.0;;1.0
5820-14-5875894;2;-1.0;-0.5;-1.0;0.0;4.0;2.0;3.0;1.5;2;1.0;;1.0;
7195-14-5961369;1;1.0;1.0;1.0;1.0;1.0;1.0;2.0;2.0;1;;1.0;;1.0
DIRI-14-0000564;1;-1.0;-1.0;-1.0;-1.0;2.0;2.0;1.0;1.0;1;1.0;;1.0;
5895-14-4172146;1;-1.0;-1.0;-1.0;-1.0;4.0;4.0;3.0;3.0;1;1.0;;1.0;
7035-01-5636950;1;1.0;1.0;1.0;1.0;1.0;1.0;2.0;2.0;1;;1.0;;1.0
DIRI-14-0004337;1;1.0;1.0;1.0;1.0;1.0;1.0;2.0;2.0;1;;1.0;;1.0
5820-22-3080240;1;-1.0;-1.0;-1.0;-1.0;2.0;2.0;1.0;1.0;1;1.0;;1.0;
5180-01-6719397;1;-1.0;-1.0;-1.0;-1.0;3.0;3.0;2.0;2.0;1;1.0;;1.0;
7035-01-5560536;1;1.0;1.0;1.0;1.0;1.0;1.0;2.0;2.0;1;;1.0;;1.0
5840-01-5854521;1;1.0;1.0;1.0;1.0;2.0;2.0;3.0;3.0;1;;1.0;;1.0
7035-01-6874627;1;-1.0;-1.0;-1.0;-1.0;2.0;2.0;1.0;1.0;1;1.0;;1.0;
5895-01-5435863;1;1.0;1.0;1.0;1.0;1.0;1.0;2.0;2.0;1;;1.0;;1.0
7035-14-5915330;1;1.0;1.0;1.0;1.0;1.0;1.0;2.0;2.0;1;;1.0;;1.0
5820-01-5587404;1;-1.0;-1.0;-1.0;-1.0;2.0;2.0;1.0;1.0;1;1.0;;1.0;
5820-99-4007335;1;-1.0;-1.0;-1.0;-1.0;2.0;2.0;1.0;1.0;1;1.0;;1.0;
5895-01-7218005;1;-1.0;-1.0;-1.0;-1.0;2.0;2.0;1.0;1.0;1;1.0;;1.0;
7025-41-0040639;1;1.0;1.0;1.0;1.0;6.0;6.0;7.0;7.0;1;;1.0;;1.0
9010-DI-1092016;1;-1.0;-1.0;-1.0;-1.0;3.0;3.0;2.0;2.0;1;1.0;;1.0;
5895-01-6850029;1;1.0;1.0;1.0;1.0;1.0;1.0;2.0;2.0;1;;1.0;;1.0
7050-01-5216877;1;-1.0;-1.0;-1.0;-1.0;2.0;2.0;1.0;1.0;1;1.0;;1.0;
7035-14-5860689;1;-1.0;-1.0;-1.0;-1.0;10.0;10.0;9.0;9.0;1;1.0;;1.0;
5820-14-5850161;1;-1.0;-1.0;-1.0;-1.0;6.0;6.0;5.0;5.0;1;1.0;;1.0;
5895-01-6469018;1;-1.0;-1.0;-1.0;-1.0;8.0;8.0;7.0;7.0;1;1.0;;1.0;
7025-15-2332996;1;-1.0;-1.0;-1.0;-1.0;3.0;3.0;2.0;2.0;1;1.0;;1.0;
7025-14-6008524;1;1.0;1.0;1.0;1.0;19.0;19.0;20.0;20.0;1;;1.0;;1.0
5820-14-5816498;1;1.0;1.0;1.0;1.0;2.0;2.0;3.0;3.0;1;;1.0;;1.0
5820-14-5875037;1;-1.0;-1.0;-1.0;-1.0;2.0;2.0;1.0;1.0;1;1.0;;1.0;
DIRI-14-0006424;1;1.0;1.0;1.0;1.0;2.0;2.0;3.0;3.0;1;;1.0;;1.0
7025-14-5948058;1;-1.0;-1.0;-1.0;-1.0;6.0;6.0;5.0;5.0;1;1.0;;1.0;
5998-01-6155740;1;-1.0;-1.0;-1.0;-1.0;2.0;2.0;1.0;1.0;1;1.0;;1.0;
6625-01-3504320;1;-1.0;-1.0;-1.0;-1.0;2.0;2.0;1.0;1.0;1;1.0;;1.0;
5998-14-4747170;1;1.0;1.0;1.0;1.0;2.0;2.0;3.0;3.0;1;;1.0;;1.0
5998-01-6590119;1;-1.0;-1.0;-1.0;-1.0;2.0;2.0;1.0;1.0;1;1.0;;1.0;
5998-01-6553094;1;1.0;1.0;1.0;1.0;1.0;1.0;2.0;2.0;1;;1.0;;1.0
6625-00-6495070;1;-1.0;-1.0;-1.0;-1.0;2.0;2.0;1.0;1.0;1;1.0;;1.0;
6605-14-5897103;1;1.0;1.0;1.0;1.0;1.0;1.0;2.0;2.0;1;;1.0;;1.0
7025-01-6168725;1;1.0;1.0;1.0;1.0;2.0;2.0;3.0;3.0;1;;1.0;;1.0
5975-14-5882187;1;1.0;1.0;1.0;1.0;1.0;1.0;2.0;2.0;1;;1.0;;1.0
5998-01-5757590;1;1.0;1.0;1.0;1.0;5.0;5.0;6.0;6.0;1;;1.0;;1.0
5998-14-5836101;1;-1.0;-1.0;-1.0;-1.0;4.0;4.0;3.0;3.0;1;1.0;;1.0;
6021-01-6909686;1;1.0;1.0;1.0;1.0;1.0;1.0;2.0;2.0;1;;1.0;;1.0
7025-01-6429665;1;-1.0;-1.0;-1.0;-1.0;4.0;4.0;3.0;3.0;1;1.0;;1.0;
5985-14-5147145;1;-1.0;-1.0;-1.0;-1.0;2.0;2.0;1.0;1.0;1;1.0;;1.0;
5985-12-3626193;1;1.0;1.0;1.0;1.0;1.0;1.0;2.0;2.0;1;;1.0;;1.0
6625-01-3862133;1;1.0;1.0;1.0;1.0;1.0;1.0;2.0;2.0;1;;1.0;;1.0
6625-01-5041724;1;1.0;1.0;1.0;1.0;1.0;1.0;2.0;2.0;1;;1.0;;1.0
7025-01-5560990;1;1.0;1.0;1.0;1.0;2.0;2.0;3.0;3.0;1;;1.0;;1.0
7025-01-5309889;1;1.0;1.0;1.0;1.0;1.0;1.0;2.0;2.0;1;;1.0;;1.0
6625-12-1939699;1;-1.0;-1.0;-1.0;-1.0;2.0;2.0;1.0;1.0;1;1.0;;1.0;
5998-14-4978788;1;-1.0;-1.0;-1.0;-1.0;2.0;2.0;1.0;1.0;1;1.0;;1.0;
7021-14-5808962;1;-1.0;-1.0;-1.0;-1.0;2.0;2.0;1.0;1.0;1;1.0;;1.0;
7021-14-5656377;1;-1.0;-1.0;-1.0;-1.0;5.0;5.0;4.0;4.0;1;1.0;;1.0;
6625-33-2131819;1;-1.0;-1.0;-1.0;-1.0;2.0;2.0;1.0;1.0;1;1.0;;1.0;
5998-14-5223329;1;1.0;1.0;1.0;1.0;1.0;1.0;2.0;2.0;1;;1.0;;1.0
6625-99-9695926;1;1.0;1.0;1.0;1.0;1.0;1.0;2.0;2.0;1;;1.0;;1.0
5998-14-5223330;1;-1.0;-1.0;-1.0;-1.0;2.0;2.0;1.0;1.0;1;1.0;;1.0;
5998-14-5521029;1;-1.0;-1.0;-1.0;-1.0;2.0;2.0;1.0;1.0;1;1.0;;1.0;
5998-14-5525011;1;-1.0;-1.0;-1.0;-1.0;3.0;3.0;2.0;2.0;1;1.0;;1.0;
7010-14-5862599;1;1.0;1.0;1.0;1.0;8.0;8.0;9.0;9.0;1;;1.0;;1.0
5998-14-5836098;1;-1.0;-1.0;-1.0;-1.0;2.0;2.0;1.0;1.0;1;1.0;;1.0;
7010-14-5737207;1;1.0;1.0;1.0;1.0;1.0;1.0;2.0;2.0;1;;1.0;;1.0
5985-01-5391143;2;-1.0;-0.5;-2.0;1.0;22.0;11.0;21.0;10.5;2;1.0;1.0;2.0;1.0
5985-22-2823422;1;1.0;1.0;1.0;1.0;1.0;1.0;2.0;2.0;1;;1.0;;1.0
6060-22-6199436;1;1.0;1.0;1.0;1.0;1.0;1.0;2.0;2.0;1;;1.0;;1.0
6130-14-5849997;1;-1.0;-1.0;-1.0;-1.0;3.0;3.0;2.0;2.0;1;1.0;;1.0;
7025-14-5947646;1;-1.0;-1.0;-1.0;-1.0;3.0;3.0;2.0;2.0;1;1.0;;1.0;
6130-14-5598821;1;1.0;1.0;1.0;1.0;1.0;1.0;2.0;2.0;1;;1.0;;1.0
5895-14-5717558;1;-1.0;-1.0;-1.0;-1.0;2.0;2.0;1.0;1.0;1;1.0;;1.0;
6130-01-6858032;2;-1.0;-0.5;-2.0;1.0;6.0;3.0;5.0;2.5;2;1.0;1.0;2.0;1.0
7025-14-5937400;1;-1.0;-1.0;-1.0;-1.0;10.0;10.0;9.0;9.0;1;1.0;;1.0;
5895-14-5792144;1;-1.0;-1.0;-1.0;-1.0;7.0;7.0;6.0;6.0;1;1.0;;1.0;
7025-14-5918578;1;-1.0;-1.0;-1.0;-1.0;2.0;2.0;1.0;1.0;1;1.0;;1.0;
5895-14-5795131;1;1.0;1.0;1.0;1.0;2.0;2.0;3.0;3.0;1;;1.0;;1.0
7025-14-5890944;1;1.0;1.0;1.0;1.0;1.0;1.0;2.0;2.0;1;;1.0;;1.0
7025-14-5881889;1;1.0;1.0;1.0;1.0;3.0;3.0;4.0;4.0;1;;1.0;;1.0
5895-14-5906383;1;-1.0;-1.0;-1.0;-1.0;2.0;2.0;1.0;1.0;1;1.0;;1.0;
5895-14-5850450;1;-1.0;-1.0;-1.0;-1.0;2.0;2.0;1.0;1.0;1;1.0;;1.0;
5998-14-5836096;1;-1.0;-1.0;-1.0;-1.0;4.0;4.0;3.0;3.0;1;1.0;;1.0;
7025-01-6589635;1;-1.0;-1.0;-1.0;-1.0;3.0;3.0;2.0;2.0;1;1.0;;1.0;
5895-22-6318527;2;1.0;0.5;-1.0;2.0;6.0;3.0;7.0;3.5;2;1.0;1.0;1.0;2.0
7025-01-6659548;1;-1.0;-1.0;-1.0;-1.0;2.0;2.0;1.0;1.0;1;1.0;;1.0;
5895-99-1535529;1;1.0;1.0;1.0;1.0;3.0;3.0;4.0;4.0;1;;1.0;;1.0
6605-14-5897101;1;0.0;0.0;0.0;0.0;3.0;3.0;3.0;3.0;1;;;;
DIRI-14-0000952;1;0.0;0.0;0.0;0.0;1.0;1.0;1.0;1.0;1;;;;
6130-99-8455761;1;0.0;0.0;0.0;0.0;1.0;1.0;1.0;1.0;1;;;;
DIRI-14-0005624;1;0.0;0.0;0.0;0.0;1.0;1.0;1.0;1.0;1;;;;
5120-14-4884860;1;0.0;0.0;0.0;0.0;1.0;1.0;1.0;1.0;1;;;;
DIRI-14-0004647;1;0.0;0.0;0.0;0.0;1.0;1.0;1.0;1.0;1;;;;
7010-01-6953771;1;0.0;0.0;0.0;0.0;1.0;1.0;1.0;1.0;1;;;;
6625-14-5796970;1;0.0;0.0;0.0;0.0;1.0;1.0;1.0;1.0;1;;;;
9010-DI-1132016;1;0.0;0.0;0.0;0.0;1.0;1.0;1.0;1.0;1;;;;
5805-14-5925645;2;0.0;0.0;-3.0;3.0;9.0;4.5;9.0;4.5;2;1.0;1.0;3.0;3.0
6625-14-4804682;1;0.0;0.0;0.0;0.0;1.0;1.0;1.0;1.0;1;;;;
DIRI-14-0002781;1;0.0;0.0;0.0;0.0;2.0;2.0;2.0;2.0;1;;;;
9080-DI-0102021;1;0.0;0.0;0.0;0.0;1.0;1.0;1.0;1.0;1;;;;
6130-01-6506482;1;0.0;0.0;0.0;0.0;1.0;1.0;1.0;1.0;1;;;;
6130-14-5849998;1;0.0;0.0;0.0;0.0;1.0;1.0;1.0;1.0;1;;;;
6130-01-6103315;1;0.0;0.0;0.0;0.0;1.0;1.0;1.0;1.0;1;;;;
5998-14-5836099;1;0.0;0.0;0.0;0.0;2.0;2.0;2.0;2.0;1;;;;
6625-01-6574269;1;0.0;0.0;0.0;0.0;1.0;1.0;1.0;1.0;1;;;;
DIRI-14-0003818;1;0.0;0.0;0.0;0.0;1.0;1.0;1.0;1.0;1;;;;
6030-14-5773598;1;0.0;0.0;0.0;0.0;4.0;4.0;4.0;4.0;1;;;;
6625-01-4464485;1;0.0;0.0;0.0;0.0;1.0;1.0;1.0;1.0;1;;;;
DIRI-14-0003454;1;0.0;0.0;0.0;0.0;2.0;2.0;2.0;2.0;1;;;;
6130-14-5842508;1;0.0;0.0;0.0;0.0;2.0;2.0;2.0;2.0;1;;;;
6625-01-1089833;1;0.0;0.0;0.0;0.0;1.0;1.0;1.0;1.0;1;;;;
5805-14-4781895;1;0.0;0.0;0.0;0.0;1.0;1.0;1.0;1.0;1;;;;
6080-01-4671900;1;0.0;0.0;0.0;0.0;1.0;1.0;1.0;1.0;1;;;;
6625-14-3661231;1;0.0;0.0;0.0;0.0;1.0;1.0;1.0;1.0;1;;;;
5998-14-4855681;2;0.0;0.0;-19.0;19.0;26.0;13.0;26.0;13.0;2;1.0;1.0;19.0;19.0
7010-14-5477335;1;0.0;0.0;0.0;0.0;1.0;1.0;1.0;1.0;1;;;;
5998-14-5629870;1;0.0;0.0;0.0;0.0;1.0;1.0;1.0;1.0;1;;;;
7035-01-6598960;1;0.0;0.0;0.0;0.0;2.0;2.0;2.0;2.0;1;;;;
7025-01-6571296;1;0.0;0.0;0.0;0.0;1.0;1.0;1.0;1.0;1;;;;
7025-01-6584614;1;0.0;0.0;0.0;0.0;2.0;2.0;2.0;2.0;1;;;;
7025-12-4163952;1;0.0;0.0;0.0;0.0;1.0;1.0;1.0;1.0;1;;;;
7025-25-1619615;1;0.0;0.0;0.0;0.0;2.0;2.0;2.0;2.0;1;;;;
7025-14-5477377;1;0.0;0.0;0.0;0.0;1.0;1.0;1.0;1.0;1;;;;
7025-20-0090314;1;0.0;0.0;0.0;0.0;2.0;2.0;2.0;2.0;1;;;;
5895-14-6010909;1;0.0;0.0;0.0;0.0;1.0;1.0;1.0;1.0;1;;;;
7025-14-5790536;1;0.0;0.0;0.0;0.0;1.0;1.0;1.0;1.0;1;;;;
5895-01-5720755;1;0.0;0.0;0.0;0.0;2.0;2.0;2.0;2.0;1;;;;
5895-14-5866355;1;0.0;0.0;0.0;0.0;1.0;1.0;1.0;1.0;1;;;;
5895-14-5827556;2;0.0;0.0;-9.0;9.0;11.0;5.5;11.0;5.5;2;1.0;1.0;9.0;9.0
7025-14-5886919;1;0.0;0.0;0.0;0.0;1.0;1.0;1.0;1.0;1;;;;
5895-01-6743878;1;0.0;0.0;0.0;0.0;2.0;2.0;2.0;2.0;1;;;;
7025-14-5944484;1;0.0;0.0;0.0;0.0;1.0;1.0;1.0;1.0;1;;;;
7025-14-5947346;1;0.0;0.0;0.0;0.0;1.0;1.0;1.0;1.0;1;;;;
7025-14-6066810;1;0.0;0.0;0.0;0.0;1.0;1.0;1.0;1.0;1;;;;
5895-14-5715103;1;0.0;0.0;0.0;0.0;4.0;4.0;4.0;4.0;1;;;;
5895-14-5648728;1;0.0;0.0;0.0;0.0;2.0;2.0;2.0;2.0;1;;;;
5985-14-4775839;1;0.0;0.0;0.0;0.0;1.0;1.0;1.0;1.0;1;;;;
5985-99-4718475;1;0.0;0.0;0.0;0.0;1.0;1.0;1.0;1.0;1;;;;
5996-14-5713747;1;0.0;0.0;0.0;0.0;1.0;1.0;1.0;1.0;1;;;;
7025-01-5360686;1;0.0;0.0;0.0;0.0;1.0;1.0;1.0;1.0;1;;;;
7010-14-5740052;1;0.0;0.0;0.0;0.0;4.0;4.0;4.0;4.0;1;;;;
7490-33-2195754;1;0.0;0.0;0.0;0.0;4.0;4.0;4.0;4.0;1;;;;
7010-14-5990398;1;0.0;0.0;0.0;0.0;4.0;4.0;4.0;4.0;1;;;;
5998-14-5208246;2;0.0;0.0;0.0;0.0;3.0;1.5;3.0;1.5;2;;;;
7021-01-6164932;1;0.0;0.0;0.0;0.0;1.0;1.0;1.0;1.0;1;;;;
7021-14-5658034;1;0.0;0.0;0.0;0.0;1.0;1.0;1.0;1.0;1;;;;
5998-14-5115518;1;0.0;0.0;0.0;0.0;1.0;1.0;1.0;1.0;1;;;;
5895-14-5637549;1;0.0;0.0;0.0;0.0;5.0;5.0;5.0;5.0;1;;;;
7025-01-5433411;2;0.0;0.0;0.0;0.0;9.0;4.5;9.0;4.5;2;;;;
5998-01-5061771;1;0.0;0.0;0.0;0.0;5.0;5.0;5.0;5.0;1;;;;
7025-01-5621808;1;0.0;0.0;0.0;0.0;1.0;1.0;1.0;1.0;1;;;;
7025-01-5627370;1;0.0;0.0;0.0;0.0;1.0;1.0;1.0;1.0;1;;;;
7025-01-5773090;1;0.0;0.0;0.0;0.0;2.0;2.0;2.0;2.0;1;;;;
7025-01-5808229;1;0.0;0.0;0.0;0.0;3.0;3.0;3.0;3.0;1;;;;
5998-14-4746102;1;0.0;0.0;0.0;0.0;3.0;3.0;3.0;3.0;1;;;;
7035-14-5869522;1;0.0;0.0;0.0;0.0;1.0;1.0;1.0;1.0;1;;;;
5998-01-6425700;1;0.0;0.0;0.0;0.0;2.0;2.0;2.0;2.0;1;;;;
7025-01-6106768;1;0.0;0.0;0.0;0.0;1.0;1.0;1.0;1.0;1;;;;
6130-14-5107037;1;0.0;0.0;0.0;0.0;1.0;1.0;1.0;1.0;1;;;;
