magasin;nomenclature;quantite_exploitation;quantite_stock;deficit;type_deficit;deficit_abs;ratio_exp_stock
BST;5820-99-7095188;1074.0;6.0;-1068.0;MANQUE;1068.0;178.97
BST;7025-01-6471720;976.0;5.0;-971.0;MANQUE;971.0;195.161
CNSO;9020-DI-1012016;100.0;895.0;795.0;SURPLUS;795.0;0.112
BST;7025-14-6035972;753.0;3.0;-750.0;MANQUE;750.0;250.916
BST;5820-14-5875891;797.0;145.0;-652.0;MANQUE;652.0;5.497
CNSO;5895-01-6589391;51.0;683.0;632.0;SURPLUS;632.0;0.075
MRC;5998-14-5649218;540.0;4.0;-536.0;MANQUE;536.0;134.966
CNSO;5805-14-5407613;22.0;505.0;483.0;SURPLUS;483.0;0.044
BST;5805-14-5395176;475.0;3.0;-472.0;MANQUE;472.0;158.281
CNSO;5998-14-5594755;8.0;469.0;461.0;SURPLUS;461.0;0.017
CGC;5998-14-5649218;451.0;4.0;-447.0;MANQUE;447.0;112.722
CNSO;5998-14-5216512;1.0;419.0;418.0;SURPLUS;418.0;0.002
CNSO;5965-14-5596464;63.0;479.0;416.0;SURPLUS;416.0;0.132
CNSO;5998-01-6108944;61.0;461.0;400.0;SURPLUS;400.0;0.132
MRC;5820-14-5699765;393.0;2.0;-391.0;MANQUE;391.0;196.402
BST;7025-01-6471719;394.0;4.0;-390.0;MANQUE;390.0;98.475
BST;5998-14-5649218;391.0;2.0;-389.0;MANQUE;389.0;195.402
CNSO;7010-14-6035962;5.0;375.0;370.0;SURPLUS;370.0;0.013
CNSO;5998-14-4746028;1.0;356.0;355.0;SURPLUS;355.0;0.003
MRC;5805-14-5407613;352.0;1.0;-351.0;MANQUE;351.0;351.648
CNSO;5998-14-5649218;20.0;366.0;346.0;SURPLUS;346.0;0.055
BST;5895-01-6312265;344.0;4.0;-340.0;MANQUE;340.0;85.979
CNSO;5998-01-5905251;1.0;339.0;338.0;SURPLUS;338.0;0.003
CNSO;5810-14-5839386;4.0;331.0;327.0;SURPLUS;327.0;0.012
CNSO;5895-14-4839707;2.0;313.0;311.0;SURPLUS;311.0;0.006
BST;7025-01-6145572;319.0;9.0;-310.0;MANQUE;310.0;35.441
CNSO;5810-14-5860295;50.0;348.0;298.0;SURPLUS;298.0;0.144
MRC;5965-14-5596464;328.0;37.0;-291.0;MANQUE;291.0;8.865
CNSO;5998-14-5115509;1.0;282.0;281.0;SURPLUS;281.0;0.004
CNSO;6130-14-5977753;2.0;282.0;280.0;SURPLUS;280.0;0.007
CNSO;5998-14-5115514;2.0;277.0;275.0;SURPLUS;275.0;0.007
BST;5805-14-5649508;276.0;1.0;-275.0;MANQUE;275.0;275.724
MRC;5998-14-5709364;273.0;7.0;-266.0;MANQUE;266.0;38.994
CNSO;5998-14-4634094;1.0;255.0;254.0;SURPLUS;254.0;0.004
CNSO;5975-01-6429653;56.0;305.0;249.0;SURPLUS;249.0;0.184
CNSO;7025-01-5455184;18.0;261.0;243.0;SURPLUS;243.0;0.069
CNSO;7050-20-0042340;2.0;244.0;242.0;SURPLUS;242.0;0.008
BST;5805-14-5694774;254.0;12.0;-242.0;MANQUE;242.0;21.165
CGC;5895-01-6312265;277.0;37.0;-240.0;MANQUE;240.0;7.486
CNSO;5895-14-5223317;4.0;243.0;239.0;SURPLUS;239.0;0.016
BCE;5998-14-5649218;232.0;5.0;-227.0;MANQUE;227.0;46.391
CNSO;5998-14-5709364;3.0;219.0;216.0;SURPLUS;216.0;0.014
CNSO;7010-14-5636071;8.0;220.0;212.0;SURPLUS;212.0;0.036
CNSO;5805-14-5395176;6.0;216.0;210.0;SURPLUS;210.0;0.028
ANTACL;5998-14-5709364;215.0;6.0;-209.0;MANQUE;209.0;35.827
CNSO;6130-14-5147163;3.0;208.0;205.0;SURPLUS;205.0;0.014
CNSO;5998-14-5149581;1.0;203.0;202.0;SURPLUS;202.0;0.005
CNSO;5998-01-5292775;15.0;212.0;197.0;SURPLUS;197.0;0.071
CNSO;5895-01-5555276;18.0;215.0;197.0;SURPLUS;197.0;0.084
CGC;7025-01-6471720;200.0;3.0;-197.0;MANQUE;197.0;66.644
BST;5895-01-6548907;199.0;3.0;-196.0;MANQUE;196.0;66.311
CNSO;5998-14-4252190;8.0;200.0;192.0;SURPLUS;192.0;0.04
CHG;7025-01-6471720;205.0;13.0;-192.0;MANQUE;192.0;15.768
MDM;5998-14-5649218;193.0;3.0;-190.0;MANQUE;190.0;64.312
CNSO;9020-DI-1012014;182.0;2.0;-180.0;MANQUE;180.0;90.955
CGC;5895-01-5555276;184.0;6.0;-178.0;MANQUE;178.0;30.662
PAU;5998-14-5649218;179.0;4.0;-175.0;MANQUE;175.0;44.739
MRC;5998-14-4535515;183.0;9.0;-174.0;MANQUE;174.0;20.331
CHG;5895-14-5892200;217.0;49.0;-168.0;MANQUE;168.0;4.428
BST;5820-99-5013078;245.0;87.0;-158.0;MANQUE;158.0;2.816
CNSO;5820-14-5353198;4.0;160.0;156.0;SURPLUS;156.0;0.025
CNSO;5810-14-5949212;23.0;177.0;154.0;SURPLUS;154.0;0.13
ANTACL;5998-14-5649218;156.0;5.0;-151.0;MANQUE;151.0;31.194
BST;7010-14-6062927;153.0;3.0;-150.0;MANQUE;150.0;50.983
CNSO;6130-14-5977740;2.0;150.0;148.0;SURPLUS;148.0;0.013
CNSO;5895-01-5413058;1.0;148.0;147.0;SURPLUS;147.0;0.007
PAU;7025-01-5455184;172.0;35.0;-137.0;MANQUE;137.0;4.914
CNSO;5930-01-6107547;9.0;145.0;136.0;SURPLUS;136.0;0.062
MRC;5805-14-5395176;132.0;1.0;-131.0;MANQUE;131.0;131.868
CGC;6030-01-5849988;130.0;3.0;-127.0;MANQUE;127.0;43.319
CNSO;5961-01-6107733;1.0;128.0;127.0;SURPLUS;127.0;0.008
MDM;5998-14-5115514;128.0;2.0;-126.0;MANQUE;126.0;63.968
CNSO;7050-14-5822576;104.0;227.0;123.0;SURPLUS;123.0;0.458
CNSO;5820-14-5568480;5.0;128.0;123.0;SURPLUS;123.0;0.039
CNSO;5998-14-5223319;2.0;124.0;122.0;SURPLUS;122.0;0.016
BST;7025-14-5884199;122.0;1.0;-121.0;MANQUE;121.0;121.878
MRC;7025-01-6471720;123.0;3.0;-120.0;MANQUE;120.0;40.986
CNSO;5999-14-5416056;1.0;121.0;120.0;SURPLUS;120.0;0.008
CNSO;7025-15-1577947;9.0;125.0;116.0;SURPLUS;116.0;0.072
BST;5998-14-5709364;115.0;1.0;-114.0;MANQUE;114.0;114.885
BST;5820-14-6011983;44.0;155.0;111.0;SURPLUS;111.0;0.284
CHG;5820-99-9251541;112.0;1.0;-111.0;MANQUE;111.0;111.888
PAU;5805-14-5407613;111.0;1.0;-110.0;MANQUE;110.0;110.889
MDM;5998-14-5149581;114.0;4.0;-110.0;MANQUE;110.0;28.493
PAU;7025-15-0162514;112.0;4.0;-108.0;MANQUE;108.0;27.993
CNSO;7025-14-5947628;6.0;113.0;107.0;SURPLUS;107.0;0.053
BST;7025-01-7006887;124.0;17.0;-107.0;MANQUE;107.0;7.294
CNSO;5998-14-5164413;2.0;106.0;104.0;SURPLUS;104.0;0.019
BST;5820-99-8564345;128.0;24.0;-104.0;MANQUE;104.0;5.333
CNSO;5895-14-5501846;1.0;105.0;104.0;SURPLUS;104.0;0.01
BST;5895-01-6548830;113.0;11.0;-102.0;MANQUE;102.0;10.272
CHG;5805-14-5395175;104.0;2.0;-102.0;MANQUE;102.0;51.974
BST;7025-14-5953534;102.0;1.0;-101.0;MANQUE;101.0;101.898
CNSO;5895-14-5603031;2.0;103.0;101.0;SURPLUS;101.0;0.019
CNSO;5805-14-5407612;4.0;104.0;100.0;SURPLUS;100.0;0.038
MRC;5998-14-4536854;102.0;2.0;-100.0;MANQUE;100.0;50.975
CNSO;5998-14-4491646;6.0;106.0;100.0;SURPLUS;100.0;0.057
MRC;5998-14-4636517;99.0;3.0;-96.0;MANQUE;96.0;32.989
BST;5895-14-5951970;291.0;195.0;-96.0;MANQUE;96.0;1.492
CNSO;5805-01-6442680;32.0;128.0;96.0;SURPLUS;96.0;0.25
CNSO;5998-14-5649402;2.0;97.0;95.0;SURPLUS;95.0;0.021
CNSO;5895-14-5877858;5.0;100.0;95.0;SURPLUS;95.0;0.05
CNSO;5805-14-5649505;1.0;95.0;94.0;SURPLUS;94.0;0.011
BCE;5805-14-5395175;94.0;2.0;-92.0;MANQUE;92.0;46.977
CNSO;5998-14-4491642;8.0;100.0;92.0;SURPLUS;92.0;0.08
MRC;7025-15-0162514;102.0;10.0;-92.0;MANQUE;92.0;10.199
CHG;5895-14-5951970;10.0;100.0;90.0;SURPLUS;90.0;0.1
CNSO;5998-14-5649251;16.0;105.0;89.0;SURPLUS;89.0;0.152
MDM;5895-14-5781725;96.0;8.0;-88.0;MANQUE;88.0;11.999
CNSO;7025-15-0010786;12.0;100.0;88.0;SURPLUS;88.0;0.12
CNSO;5998-14-4491644;4.0;91.0;87.0;SURPLUS;87.0;0.044
BST;5805-14-5649505;87.0;1.0;-86.0;MANQUE;86.0;86.913
MRC;7025-01-6295560;87.0;2.0;-85.0;MANQUE;85.0;43.478
CGC;5895-01-6590453;87.0;3.0;-84.0;MANQUE;84.0;28.99
CNSO;7025-01-6145572;6.0;89.0;83.0;SURPLUS;83.0;0.067
CNSO;5805-14-5395175;2.0;84.0;82.0;SURPLUS;82.0;0.024
CNSO;5998-01-5587804;4.0;85.0;81.0;SURPLUS;81.0;0.047
CNSO;7025-01-7068901;14.0;95.0;81.0;SURPLUS;81.0;0.147
BST;7035-14-5885006;93.0;13.0;-80.0;MANQUE;80.0;7.153
BST;5895-14-5713842;90.0;10.0;-80.0;MANQUE;80.0;8.999
CNSO;5998-14-4252193;4.0;83.0;79.0;SURPLUS;79.0;0.048
PAU;7025-01-6471720;79.0;1.0;-78.0;MANQUE;78.0;78.921
BST;6130-14-5875950;90.0;12.0;-78.0;MANQUE;78.0;7.499
CGC;5998-14-5649230;81.0;4.0;-77.0;MANQUE;77.0;20.245
CNSO;5895-01-4758630;11.0;88.0;77.0;SURPLUS;77.0;0.125
BST;5810-14-5860296;103.0;26.0;-77.0;MANQUE;77.0;3.961
CNSO;5998-14-4491643;2.0;78.0;76.0;SURPLUS;76.0;0.026
CNSO;7025-01-5008812;1.0;77.0;76.0;SURPLUS;76.0;0.013
CNSO;5820-14-5697607;3.0;78.0;75.0;SURPLUS;75.0;0.038
CNSO;5810-14-5860301;8.0;82.0;74.0;SURPLUS;74.0;0.098
CNSO;7025-14-5534827;16.0;90.0;74.0;SURPLUS;74.0;0.178
BST;5998-14-5649230;75.0;1.0;-74.0;MANQUE;74.0;74.925
BST;5820-14-5875877;31.0;104.0;73.0;SURPLUS;73.0;0.298
CHG;7025-01-6471719;97.0;26.0;-71.0;MANQUE;71.0;3.731
BST;7050-20-0042340;86.0;15.0;-71.0;MANQUE;71.0;5.733
MRC;7025-01-5455184;73.0;3.0;-70.0;MANQUE;70.0;24.325
MDM;5998-14-4746028;73.0;3.0;-70.0;MANQUE;70.0;24.325
BST;5820-99-9596146;164.0;94.0;-70.0;MANQUE;70.0;1.745
MRC;5805-14-5649505;71.0;2.0;-69.0;MANQUE;69.0;35.482
BST;7050-14-5714044;75.0;6.0;-69.0;MANQUE;69.0;12.498
CNSO;7035-14-5860693;1.0;70.0;69.0;SURPLUS;69.0;0.014
CNSO;5895-01-6038918;2.0;71.0;69.0;SURPLUS;69.0;0.028
PAU;5895-01-6312265;88.0;20.0;-68.0;MANQUE;68.0;4.4
CNSO;5998-14-4491651;4.0;72.0;68.0;SURPLUS;68.0;0.056
BCE;6130-14-5648974;69.0;1.0;-68.0;MANQUE;68.0;68.931
MDM;5998-14-5709364;69.0;2.0;-67.0;MANQUE;67.0;34.483
CNSO;5998-14-6021506;4.0;71.0;67.0;SURPLUS;67.0;0.056
BST;5975-01-6429653;82.0;15.0;-67.0;MANQUE;67.0;5.466
BST;7025-14-5714152;72.0;7.0;-65.0;MANQUE;65.0;10.284
MDM;5998-14-5115509;70.0;5.0;-65.0;MANQUE;65.0;13.997
CNSO;7025-14-5534842;6.0;71.0;65.0;SURPLUS;65.0;0.085
CGC;5998-14-5216512;66.0;1.0;-65.0;MANQUE;65.0;65.934
CNSO;6030-01-4858177;10.0;75.0;65.0;SURPLUS;65.0;0.133
BST;5895-01-6589391;85.0;21.0;-64.0;MANQUE;64.0;4.047
PAU;6030-01-5849988;65.0;1.0;-64.0;MANQUE;64.0;64.935
CNSO;5810-14-5860296;64.0;128.0;64.0;SURPLUS;64.0;0.5
BST;5895-14-5713812;68.0;4.0;-64.0;MANQUE;64.0;16.996
MRC;6130-14-5648974;67.0;4.0;-63.0;MANQUE;63.0;16.746
CNSO;5915-14-4852179;6.0;69.0;63.0;SURPLUS;63.0;0.087
CNSO;5805-14-5395177;2.0;64.0;62.0;SURPLUS;62.0;0.031
BST;5805-14-5795343;63.0;1.0;-62.0;MANQUE;62.0;62.937
CNSO;7025-01-6013212;7.0;69.0;62.0;SURPLUS;62.0;0.101
CNSO;7025-01-6471720;84.0;22.0;-62.0;MANQUE;62.0;3.818
CGC;7050-20-0042340;62.0;1.0;-61.0;MANQUE;61.0;61.938
CNSO;5975-14-6014460;1.0;62.0;61.0;SURPLUS;61.0;0.016
CNSO;5998-14-5223322;2.0;63.0;61.0;SURPLUS;61.0;0.032
ANTACL;7025-01-5388114;5.0;66.0;61.0;SURPLUS;61.0;0.076
MRC;5998-14-5149581;67.0;6.0;-61.0;MANQUE;61.0;11.165
PAU;7050-14-5822576;62.0;1.0;-61.0;MANQUE;61.0;61.938
CNSO;5998-14-4491658;3.0;64.0;61.0;SURPLUS;61.0;0.047
CNSO;5998-14-4491645;4.0;64.0;60.0;SURPLUS;60.0;0.062
CNSO;7025-01-6525478;2.0;62.0;60.0;SURPLUS;60.0;0.032
CNSO;5820-14-5875891;61.0;1.0;-60.0;MANQUE;60.0;60.939
CNSO;7025-01-6533455;71.0;11.0;-60.0;MANQUE;60.0;6.454
BST;7035-12-4012369;62.0;2.0;-60.0;MANQUE;60.0;30.985
CNSO;5998-14-5649230;15.0;75.0;60.0;SURPLUS;60.0;0.2
ANTACL;7025-01-6471720;63.0;3.0;-60.0;MANQUE;60.0;20.993
MDM;5998-14-5812746;60.0;1.0;-59.0;MANQUE;59.0;59.94
CNSO;6130-14-4491648;2.0;61.0;59.0;SURPLUS;59.0;0.033
BST;7025-14-5812058;72.0;14.0;-58.0;MANQUE;58.0;5.142
CNSO;7035-12-4012369;12.0;70.0;58.0;SURPLUS;58.0;0.171
CNSO;6130-01-6439237;4.0;62.0;58.0;SURPLUS;58.0;0.065
CNSO;7025-14-5950147;21.0;78.0;57.0;SURPLUS;57.0;0.269
CNSO;5998-14-4491655;4.0;61.0;57.0;SURPLUS;57.0;0.066
PAU;7025-15-0137638;66.0;9.0;-57.0;MANQUE;57.0;7.333
CGC;5998-14-5649251;60.0;4.0;-56.0;MANQUE;56.0;14.996
CNSO;7035-14-5914936;3.0;59.0;56.0;SURPLUS;56.0;0.051
MDM;5895-14-5606807;57.0;2.0;-55.0;MANQUE;55.0;28.486
CNSO;5895-14-5591085;18.0;72.0;54.0;SURPLUS;54.0;0.25
CGC;5810-14-5860296;58.0;4.0;-54.0;MANQUE;54.0;14.496
BST;5810-14-5860295;57.0;3.0;-54.0;MANQUE;54.0;18.994
BCE;9010-DI-0012022;26.0;80.0;54.0;SURPLUS;54.0;0.325
CNSO;7025-01-6720552;1.0;55.0;54.0;SURPLUS;54.0;0.018
BST;7010-14-5933477;56.0;3.0;-53.0;MANQUE;53.0;18.66
CNSO;5998-14-5649253;6.0;59.0;53.0;SURPLUS;53.0;0.102
MRC;7025-01-6305849;55.0;3.0;-52.0;MANQUE;52.0;18.327
MRC;7025-01-6667665;53.0;1.0;-52.0;MANQUE;52.0;52.947
CNSO;7010-14-5870866;3.0;55.0;52.0;SURPLUS;52.0;0.055
CNSO;7035-14-5499899;2.0;54.0;52.0;SURPLUS;52.0;0.037
MRC;7025-15-0137638;61.0;10.0;-51.0;MANQUE;51.0;6.099
CNSO;5965-14-4177295;4.0;55.0;51.0;SURPLUS;51.0;0.073
MDM;5895-20-0078044;52.0;1.0;-51.0;MANQUE;51.0;51.948
CGC;7025-01-7006887;56.0;5.0;-51.0;MANQUE;51.0;11.198
CNSO;5998-14-4392518;1.0;52.0;51.0;SURPLUS;51.0;0.019
MDM;5998-20-0085537;52.0;1.0;-51.0;MANQUE;51.0;51.948
MRC;7050-20-0042340;51.0;1.0;-50.0;MANQUE;50.0;50.949
BST;6130-14-5797008;52.0;2.0;-50.0;MANQUE;50.0;25.987
BST;7025-01-7016891;73.0;23.0;-50.0;MANQUE;50.0;3.174
CNSO;5915-14-4852181;10.0;59.0;49.0;SURPLUS;49.0;0.169
CNSO;6130-14-4852167;10.0;59.0;49.0;SURPLUS;49.0;0.169
CNSO;5998-14-5729634;3.0;52.0;49.0;SURPLUS;49.0;0.058
MRC;5998-14-5648968;53.0;5.0;-48.0;MANQUE;48.0;10.598
CHG;5805-14-5649505;50.0;2.0;-48.0;MANQUE;48.0;24.988
MRC;5895-01-6590453;57.0;10.0;-47.0;MANQUE;47.0;5.699
MDM;5998-14-5149583;53.0;6.0;-47.0;MANQUE;47.0;8.832
CNSO;5998-14-4852163;9.0;56.0;47.0;SURPLUS;47.0;0.161
PAU;9010-DI-0012022;6.0;53.0;47.0;SURPLUS;47.0;0.113
CNSO;9030-DI-1012015;50.0;4.0;-46.0;MANQUE;46.0;12.497
MRC;5998-14-5216512;48.0;2.0;-46.0;MANQUE;46.0;23.988
BLD;5895-14-5818581;49.0;3.0;-46.0;MANQUE;46.0;16.328
CNSO;5805-01-6721744;11.0;57.0;46.0;SURPLUS;46.0;0.193
BST;7025-14-5849743;47.0;1.0;-46.0;MANQUE;46.0;46.953
CNSO;6130-14-5641779;2.0;48.0;46.0;SURPLUS;46.0;0.042
CNSO;6130-14-5649300;4.0;49.0;45.0;SURPLUS;45.0;0.082
BST;5998-14-5649253;47.0;2.0;-45.0;MANQUE;45.0;23.488
CNSO;8145-14-5955933;1.0;46.0;45.0;SURPLUS;45.0;0.022
CNSO;5998-14-5314940;4.0;48.0;44.0;SURPLUS;44.0;0.083
CNSO;5998-14-4491657;2.0;46.0;44.0;SURPLUS;44.0;0.043
MRC;5998-14-5890370;46.0;2.0;-44.0;MANQUE;44.0;22.989
CGC;7025-01-6519677;46.0;2.0;-44.0;MANQUE;44.0;22.989
MDM;5810-14-5860296;48.0;4.0;-44.0;MANQUE;44.0;11.997
CNSO;5998-14-4491641;8.0;51.0;43.0;SURPLUS;43.0;0.157
CNSO;7025-01-5259491;2.0;45.0;43.0;SURPLUS;43.0;0.044
BST;5805-01-6442680;35.0;78.0;43.0;SURPLUS;43.0;0.449
BST;9080-DI-0392021;45.0;3.0;-42.0;MANQUE;42.0;14.995
MRC;5998-14-5115514;43.0;1.0;-42.0;MANQUE;42.0;42.957
MDM;5998-14-5115539;46.0;4.0;-42.0;MANQUE;42.0;11.497
BST;5895-14-5892200;42.0;83.0;41.0;SURPLUS;41.0;0.506
CNSO;5998-14-4852169;7.0;48.0;41.0;SURPLUS;41.0;0.146
CNSO;7025-14-5884199;9.0;50.0;41.0;SURPLUS;41.0;0.18
MRC;5998-14-4535521;42.0;1.0;-41.0;MANQUE;41.0;41.958
BST;5825-64-0000616;46.0;5.0;-41.0;MANQUE;41.0;9.198
CNSO;5998-14-5649411;5.0;46.0;41.0;SURPLUS;41.0;0.109
MRC;5998-14-5649230;48.0;8.0;-40.0;MANQUE;40.0;5.999
CHG;6130-14-4852167;44.0;4.0;-40.0;MANQUE;40.0;10.997
PAU;7025-01-6997334;42.0;2.0;-40.0;MANQUE;40.0;20.99
CGC;5998-14-5649253;42.0;2.0;-40.0;MANQUE;40.0;20.99
MDM;5998-20-0085538;40.0;1.0;-39.0;MANQUE;39.0;39.96
CNSO;5810-14-5860297;1.0;40.0;39.0;SURPLUS;39.0;0.025
CNSO;7025-01-6429635;4.0;43.0;39.0;SURPLUS;39.0;0.093
PAU;5895-01-6590453;42.0;3.0;-39.0;MANQUE;39.0;13.995
CHG;5915-14-4852181;43.0;4.0;-39.0;MANQUE;39.0;10.747
CGC;7025-01-5455184;40.0;1.0;-39.0;MANQUE;39.0;39.96
CNSO;5998-14-4852172;2.0;41.0;39.0;SURPLUS;39.0;0.049
CNSO;5998-14-4852180;3.0;42.0;39.0;SURPLUS;39.0;0.071
PAU;6130-14-5648974;40.0;2.0;-38.0;MANQUE;38.0;19.99
MRC;5915-14-4852179;39.0;1.0;-38.0;MANQUE;38.0;38.961
BST;5895-01-6658656;40.0;2.0;-38.0;MANQUE;38.0;19.99
CGC;5998-14-5115514;39.0;1.0;-38.0;MANQUE;38.0;38.961
CNSO;5895-14-5223346;1.0;39.0;38.0;SURPLUS;38.0;0.026
BST;7025-14-5961091;9.0;46.0;37.0;SURPLUS;37.0;0.196
MRC;5998-14-5649253;43.0;6.0;-37.0;MANQUE;37.0;7.165
CGC;7025-14-5812058;38.0;1.0;-37.0;MANQUE;37.0;37.962
CNSO;5805-14-5883097;7.0;44.0;37.0;SURPLUS;37.0;0.159
BST;7035-01-6852648;39.0;2.0;-37.0;MANQUE;37.0;19.49
BST;7025-14-5894540;38.0;1.0;-37.0;MANQUE;37.0;37.962
BST;6130-01-6470900;39.0;2.0;-37.0;MANQUE;37.0;19.49
BST;5975-14-5882845;44.0;8.0;-36.0;MANQUE;36.0;5.499
ANTACL;6130-14-5648974;42.0;6.0;-36.0;MANQUE;36.0;6.999
MRC;5998-14-5729634;42.0;6.0;-36.0;MANQUE;36.0;6.999
CNSO;5998-14-5649223;5.0;41.0;36.0;SURPLUS;36.0;0.122
BCE;5895-01-6412003;44.0;8.0;-36.0;MANQUE;36.0;5.499
CNSO;5998-14-5649434;7.0;42.0;35.0;SURPLUS;35.0;0.167
CHG;7025-01-6519677;36.0;1.0;-35.0;MANQUE;35.0;35.964
MRC;7025-14-5812058;37.0;2.0;-35.0;MANQUE;35.0;18.491
CGC;7025-14-6034814;36.0;1.0;-35.0;MANQUE;35.0;35.964
BST;5985-14-5511392;5.0;40.0;35.0;SURPLUS;35.0;0.125
BST;7025-14-5874071;39.0;5.0;-34.0;MANQUE;34.0;7.798
PAU;5998-14-5709364;37.0;3.0;-34.0;MANQUE;34.0;12.329
CNSO;5998-14-4491656;4.0;38.0;34.0;SURPLUS;34.0;0.105
CNSO;7025-01-6241110;3.0;37.0;34.0;SURPLUS;34.0;0.081
CNSO;5120-12-4068022;23.0;57.0;34.0;SURPLUS;34.0;0.404
CNSO;5998-14-5649409;1.0;35.0;34.0;SURPLUS;34.0;0.029
CHG;7025-01-7006887;7.0;41.0;34.0;SURPLUS;34.0;0.171
CNSO;9010-DI-1012016;42.0;8.0;-34.0;MANQUE;34.0;5.249
CNSO;5820-14-5699765;64.0;98.0;34.0;SURPLUS;34.0;0.653
MRC;7025-01-6409763;37.0;3.0;-34.0;MANQUE;34.0;12.329
CNSO;7025-01-7006887;46.0;12.0;-34.0;MANQUE;34.0;3.833
MDM;6030-01-5849988;10.0;44.0;34.0;SURPLUS;34.0;0.227
BST;7025-01-6429649;34.0;1.0;-33.0;MANQUE;33.0;33.966
CNSO;7025-17-1254851;1.0;34.0;33.0;SURPLUS;33.0;0.029
CNSO;7025-01-6470038;1.0;34.0;33.0;SURPLUS;33.0;0.029
CNSO;7025-14-5947791;4.0;37.0;33.0;SURPLUS;33.0;0.108
CHG;5998-14-4852169;37.0;4.0;-33.0;MANQUE;33.0;9.248
CNSO;5895-14-5147140;2.0;35.0;33.0;SURPLUS;33.0;0.057
BST;6130-14-5654861;34.0;1.0;-33.0;MANQUE;33.0;33.966
CHG;7025-01-7061923;7.0;39.0;32.0;SURPLUS;32.0;0.179
CGC;5998-14-5115509;34.0;2.0;-32.0;MANQUE;32.0;16.992
MRC;5998-14-4535518;34.0;2.0;-32.0;MANQUE;32.0;16.992
BST;7025-14-5947967;37.0;5.0;-32.0;MANQUE;32.0;7.399
CHG;5998-14-4852177;36.0;4.0;-32.0;MANQUE;32.0;8.998
BCE;5975-14-5882845;14.0;46.0;32.0;SURPLUS;32.0;0.304
CHG;5998-14-4852163;36.0;4.0;-32.0;MANQUE;32.0;8.998
CNSO;7025-14-5947569;7.0;38.0;31.0;SURPLUS;31.0;0.184
CNSO;7025-14-5849743;6.0;37.0;31.0;SURPLUS;31.0;0.162
CGC;5998-14-5649411;32.0;1.0;-31.0;MANQUE;31.0;31.968
CGC;5998-14-5648968;34.0;3.0;-31.0;MANQUE;31.0;11.33
MDM;7025-01-6691110;32.0;1.0;-31.0;MANQUE;31.0;31.968
CNSO;5998-14-5540116;2.0;33.0;31.0;SURPLUS;31.0;0.061
ANTACL;7050-14-5822576;32.0;1.0;-31.0;MANQUE;31.0;31.968
BST;7035-14-5860693;32.0;1.0;-31.0;MANQUE;31.0;31.968
CGC;7025-01-6735508;34.0;3.0;-31.0;MANQUE;31.0;11.33
BST;7490-01-5822347;32.0;1.0;-31.0;MANQUE;31.0;31.968
BST;6130-14-5650944;35.0;4.0;-31.0;MANQUE;31.0;8.748
CNSO;7010-14-5944723;32.0;1.0;-31.0;MANQUE;31.0;31.968
CNSO;9010-DI-1022014;33.0;3.0;-30.0;MANQUE;30.0;10.996
BST;5985-14-5944610;38.0;8.0;-30.0;MANQUE;30.0;4.749
CNSO;5998-14-4682244;2.0;32.0;30.0;SURPLUS;30.0;0.062
CNSO;7025-01-5997505;1.0;31.0;30.0;SURPLUS;30.0;0.032
CNSO;5895-14-5470829;9.0;39.0;30.0;SURPLUS;30.0;0.231
CNSO;7025-01-6229697;23.0;52.0;29.0;SURPLUS;29.0;0.442
BST;9030-DI-0012014;31.0;2.0;-29.0;MANQUE;29.0;15.492
BST;7025-01-6620265;31.0;2.0;-29.0;MANQUE;29.0;15.492
CGC;7025-01-6336396;30.0;1.0;-29.0;MANQUE;29.0;29.97
CGC;7035-15-0231142;36.0;7.0;-29.0;MANQUE;29.0;5.142
CNSO;7010-14-5696893;50.0;21.0;-29.0;MANQUE;29.0;2.381
CNSO;5998-14-4852170;2.0;31.0;29.0;SURPLUS;29.0;0.065
BST;5895-14-5892204;33.0;62.0;29.0;SURPLUS;29.0;0.532
CHG;5915-14-4852179;34.0;5.0;-29.0;MANQUE;29.0;6.799
MRC;5895-14-5818581;47.0;18.0;-29.0;MANQUE;29.0;2.611
CNSO;7025-01-6680574;1.0;30.0;29.0;SURPLUS;29.0;0.033
CNSO;DIRI-14-0002652;1.0;29.0;28.0;SURPLUS;28.0;0.034
MDM;5998-14-5115538;29.0;1.0;-28.0;MANQUE;28.0;28.971
CNSO;8145-14-5886587;2.0;30.0;28.0;SURPLUS;28.0;0.067
MRC;5998-14-4636519;29.0;1.0;-28.0;MANQUE;28.0;28.971
CGC;5895-01-6589391;40.0;12.0;-28.0;MANQUE;28.0;3.333
CGC;5998-14-5729634;30.0;2.0;-28.0;MANQUE;28.0;14.993
CNSO;5998-14-4852168;1.0;29.0;28.0;SURPLUS;28.0;0.034
CNSO;5895-01-6548907;41.0;68.0;27.0;SURPLUS;27.0;0.603
MRC;5998-14-4535523;30.0;3.0;-27.0;MANQUE;27.0;9.997
BST;7490-01-6289942;33.0;6.0;-27.0;MANQUE;27.0;5.499
CHG;5810-14-5860296;34.0;7.0;-27.0;MANQUE;27.0;4.856
BST;7025-01-6429660;33.0;6.0;-27.0;MANQUE;27.0;5.499
CNSO;5998-01-6108956;2.0;29.0;27.0;SURPLUS;27.0;0.069
BST;7025-01-6997334;13.0;40.0;27.0;SURPLUS;27.0;0.325
CNSO;7025-01-6671018;31.0;4.0;-27.0;MANQUE;27.0;7.748
CNSO;DIRI-14-0003149;38.0;11.0;-27.0;MANQUE;27.0;3.454
BCE;5998-14-5649230;28.0;1.0;-27.0;MANQUE;27.0;27.972
BST;5895-01-6592493;31.0;5.0;-26.0;MANQUE;26.0;6.199
MRC;7035-12-4012369;27.0;1.0;-26.0;MANQUE;26.0;26.973
ANTACL;5930-01-6692243;10.0;36.0;26.0;SURPLUS;26.0;0.278
BST;5820-22-6229684;35.0;9.0;-26.0;MANQUE;26.0;3.888
CNSO;7025-14-5812058;2.0;28.0;26.0;SURPLUS;26.0;0.071
ANTACL;5895-01-6589391;27.0;1.0;-26.0;MANQUE;26.0;26.973
BST;5895-14-5714032;26.0;1.0;-25.0;MANQUE;25.0;25.974
CHG;5998-14-5649218;34.0;9.0;-25.0;MANQUE;25.0;3.777
BST;6130-14-5714038;29.0;4.0;-25.0;MANQUE;25.0;7.248
BCE;5998-14-5648968;26.0;1.0;-25.0;MANQUE;25.0;25.974
CNSO;5975-01-6312801;1.0;26.0;25.0;SURPLUS;25.0;0.038
MRC;7025-01-6997334;46.0;21.0;-25.0;MANQUE;25.0;2.19
BST;7010-01-6902880;28.0;3.0;-25.0;MANQUE;25.0;9.33
BST;5895-01-6590453;30.0;5.0;-25.0;MANQUE;25.0;5.999
CNSO;5998-14-5900499;37.0;12.0;-25.0;MANQUE;25.0;3.083
CNSO;DIRI-14-0001869;3.0;28.0;25.0;SURPLUS;25.0;0.107
CNSO;9030-DI-0012014;4.0;29.0;25.0;SURPLUS;25.0;0.138
MDM;5805-14-4813168;36.0;11.0;-25.0;MANQUE;25.0;3.272
BST;7025-14-5884250;36.0;11.0;-25.0;MANQUE;25.0;3.272
BST;7025-14-5947628;30.0;5.0;-25.0;MANQUE;25.0;5.999
CNSO;5998-14-5648968;4.0;28.0;24.0;SURPLUS;24.0;0.143
CNSO;5998-14-4852178;4.0;28.0;24.0;SURPLUS;24.0;0.143
MRC;5998-14-5115509;28.0;4.0;-24.0;MANQUE;24.0;6.998
CNSO;7025-14-5651814;1.0;25.0;24.0;SURPLUS;24.0;0.04
MRC;7490-01-6289942;25.0;1.0;-24.0;MANQUE;24.0;24.975
MRC;5998-14-4852169;25.0;1.0;-24.0;MANQUE;24.0;24.975
BST;6130-14-5839922;25.0;1.0;-24.0;MANQUE;24.0;24.975
MDM;7025-01-7016891;26.0;2.0;-24.0;MANQUE;24.0;12.994
CNSO;7010-14-5699183;26.0;2.0;-24.0;MANQUE;24.0;12.994
CGC;5998-14-5149581;25.0;1.0;-24.0;MANQUE;24.0;24.975
BST;5810-14-5763435;26.0;2.0;-24.0;MANQUE;24.0;12.994
CNSO;5998-14-5729629;3.0;27.0;24.0;SURPLUS;24.0;0.111
CGC;7025-01-6659124;25.0;1.0;-24.0;MANQUE;24.0;24.975
CNSO;7025-01-6336396;27.0;3.0;-24.0;MANQUE;24.0;8.997
CGC;7010-14-5961808;28.0;4.0;-24.0;MANQUE;24.0;6.998
MRC;5998-14-4852163;24.0;1.0;-23.0;MANQUE;23.0;23.976
ANTACL;5895-01-6548907;26.0;3.0;-23.0;MANQUE;23.0;8.664
MDM;5998-14-5648968;24.0;1.0;-23.0;MANQUE;23.0;23.976
BST;5825-01-5391144;32.0;9.0;-23.0;MANQUE;23.0;3.555
BST;7025-99-8201129;31.0;8.0;-23.0;MANQUE;23.0;3.875
CNSO;5820-14-5649877;1.0;24.0;23.0;SURPLUS;23.0;0.042
MDM;5998-14-5729634;25.0;2.0;-23.0;MANQUE;23.0;12.494
MRC;5810-14-5872748;24.0;1.0;-23.0;MANQUE;23.0;23.976
MRC;5810-14-5872750;24.0;1.0;-23.0;MANQUE;23.0;23.976
MRC;5998-20-0085539;23.0;1.0;-22.0;MANQUE;22.0;22.977
CNSO;7025-01-6013219;1.0;23.0;22.0;SURPLUS;22.0;0.043
ANTACL;5998-14-5649230;24.0;2.0;-22.0;MANQUE;22.0;11.994
CHG;5895-01-6548907;29.0;7.0;-22.0;MANQUE;22.0;4.142
MDM;5998-14-5649251;25.0;3.0;-22.0;MANQUE;22.0;8.331
CNSO;5998-14-4761677;1.0;23.0;22.0;SURPLUS;22.0;0.043
CNSO;7025-01-6429667;10.0;32.0;22.0;SURPLUS;22.0;0.312
CGC;7025-01-6471719;23.0;1.0;-22.0;MANQUE;22.0;22.977
CNSO;5998-14-4852175;5.0;27.0;22.0;SURPLUS;22.0;0.185
CHG;5998-14-4852176;24.0;2.0;-22.0;MANQUE;22.0;11.994
MRC;5895-01-6589391;41.0;19.0;-22.0;MANQUE;22.0;2.158
CNSO;5895-14-5993795;1.0;23.0;22.0;SURPLUS;22.0;0.043
CHG;7050-20-0042340;33.0;11.0;-22.0;MANQUE;22.0;3.0
BST;5895-01-7022542;23.0;1.0;-22.0;MANQUE;22.0;22.977
MRC;6130-14-4852167;24.0;2.0;-22.0;MANQUE;22.0;11.994
MRC;5998-14-5776623;23.0;2.0;-21.0;MANQUE;21.0;11.494
CNSO;9010-DI-1012013;23.0;2.0;-21.0;MANQUE;21.0;11.494
CHG;5820-14-5699765;22.0;1.0;-21.0;MANQUE;21.0;21.978
MDM;5998-14-4747177;24.0;3.0;-21.0;MANQUE;21.0;7.997
MRC;7025-01-6720552;23.0;2.0;-21.0;MANQUE;21.0;11.494
CNSO;5895-01-6998026;22.0;1.0;-21.0;MANQUE;21.0;21.978
CGC;7025-01-6720552;23.0;2.0;-21.0;MANQUE;21.0;11.494
CHG;5998-14-4852180;23.0;2.0;-21.0;MANQUE;21.0;11.494
BST;7025-14-6066248;49.0;28.0;-21.0;MANQUE;21.0;1.75
MRC;5805-14-5135582;22.0;1.0;-21.0;MANQUE;21.0;21.978
CNSO;6130-14-5648974;18.0;39.0;21.0;SURPLUS;21.0;0.462
BST;5836-37-5349926;22.0;2.0;-20.0;MANQUE;20.0;10.995
BST;5930-01-6692243;21.0;1.0;-20.0;MANQUE;20.0;20.979
CHG;5810-14-5879461;21.0;1.0;-20.0;MANQUE;20.0;20.979
CNSO;5895-14-5818581;1.0;21.0;20.0;SURPLUS;20.0;0.048
CHG;5820-99-9596146;10.0;30.0;20.0;SURPLUS;20.0;0.333
CNSO;7025-01-6691110;4.0;24.0;20.0;SURPLUS;20.0;0.167
BST;7025-15-0010786;22.0;2.0;-20.0;MANQUE;20.0;10.995
MDM;6130-14-4532514;21.0;1.0;-20.0;MANQUE;20.0;20.979
PAU;7050-01-6000825;21.0;1.0;-20.0;MANQUE;20.0;20.979
MRC;5998-14-5126208;21.0;1.0;-20.0;MANQUE;20.0;20.979
CNSO;7025-14-5930620;3.0;23.0;20.0;SURPLUS;20.0;0.13
BLD;6130-01-6798090;22.0;2.0;-20.0;MANQUE;20.0;10.995
CNSO;DIRI-14-0004877;2.0;22.0;20.0;SURPLUS;20.0;0.091
MRC;7025-14-5849743;21.0;1.0;-20.0;MANQUE;20.0;20.979
MRC;7025-14-5947569;21.0;1.0;-20.0;MANQUE;20.0;20.979
CHG;5895-01-6548830;22.0;2.0;-20.0;MANQUE;20.0;10.995
PAU;5998-14-5648968;22.0;2.0;-20.0;MANQUE;20.0;10.995
CNSO;7010-14-5862611;4.0;23.0;19.0;SURPLUS;19.0;0.174
MDM;5998-14-5217075;22.0;3.0;-19.0;MANQUE;19.0;7.331
CHG;5820-14-6011983;8.0;27.0;19.0;SURPLUS;19.0;0.296
MRC;5895-14-5603031;20.0;1.0;-19.0;MANQUE;19.0;19.98
BCE;5998-14-5729634;21.0;2.0;-19.0;MANQUE;19.0;10.495
CHG;5998-14-4855681;21.0;2.0;-19.0;MANQUE;19.0;10.495
CNSO;7035-14-5914982;10.0;29.0;19.0;SURPLUS;19.0;0.345
CNSO;7025-17-1278675;5.0;24.0;19.0;SURPLUS;19.0;0.208
PAU;7025-01-6519677;20.0;1.0;-19.0;MANQUE;19.0;19.98
MRC;5998-14-4536850;20.0;1.0;-19.0;MANQUE;19.0;19.98
CNSO;5998-14-4855681;5.0;24.0;19.0;SURPLUS;19.0;0.208
CGC;5998-14-5115538;20.0;1.0;-19.0;MANQUE;19.0;19.98
BST;5895-14-6008059;21.0;2.0;-19.0;MANQUE;19.0;10.495
CNSO;6130-14-5129607;1.0;20.0;19.0;SURPLUS;19.0;0.05
MDM;5998-14-4747179;22.0;3.0;-19.0;MANQUE;19.0;7.331
CGC;5810-14-5879461;20.0;1.0;-19.0;MANQUE;19.0;19.98
BST;7025-01-5379117;37.0;18.0;-19.0;MANQUE;19.0;2.055
MRC;7025-14-6034814;20.0;1.0;-19.0;MANQUE;19.0;19.98
MDM;5805-14-5899554;23.0;5.0;-18.0;MANQUE;18.0;4.599
BST;5998-14-5649411;19.0;1.0;-18.0;MANQUE;18.0;18.981
BLD;7025-14-5947967;22.0;4.0;-18.0;MANQUE;18.0;5.499
CGC;5998-14-5729629;19.0;1.0;-18.0;MANQUE;18.0;18.981
CNSO;5895-14-5637548;4.0;22.0;18.0;SURPLUS;18.0;0.182
BST;5895-14-5927592;1.0;19.0;18.0;SURPLUS;18.0;0.053
MRC;5895-14-5606807;22.0;4.0;-18.0;MANQUE;18.0;5.499
CGC;7021-14-5732755;22.0;4.0;-18.0;MANQUE;18.0;5.499
CNSO;DIRI-14-0004643;1.0;19.0;18.0;SURPLUS;18.0;0.053
MDM;5805-14-5117389;20.0;2.0;-18.0;MANQUE;18.0;9.995
CNSO;5998-14-4761678;2.0;20.0;18.0;SURPLUS;18.0;0.1
CGC;7025-01-6409763;19.0;1.0;-18.0;MANQUE;18.0;18.981
MRC;5998-14-5812746;20.0;2.0;-18.0;MANQUE;18.0;9.995
PAU;7035-01-6083487;4.0;22.0;18.0;SURPLUS;18.0;0.182
BST;7025-01-6720552;20.0;2.0;-18.0;MANQUE;18.0;9.995
CHG;7025-01-6720552;20.0;2.0;-18.0;MANQUE;18.0;9.995
ANTACL;5975-14-5882845;25.0;8.0;-17.0;MANQUE;17.0;3.125
BST;7025-14-6066924;7.0;24.0;17.0;SURPLUS;17.0;0.292
BST;6130-01-6594359;18.0;1.0;-17.0;MANQUE;17.0;17.982
CNSO;7035-25-1476091;1.0;18.0;17.0;SURPLUS;17.0;0.056
MDM;5998-14-5594755;23.0;6.0;-17.0;MANQUE;17.0;3.833
BST;5805-01-5795097;18.0;1.0;-17.0;MANQUE;17.0;17.982
BST;9010-DI-0012022;26.0;9.0;-17.0;MANQUE;17.0;2.889
MRC;5805-14-5883097;18.0;1.0;-17.0;MANQUE;17.0;17.982
MRC;5820-14-5649877;18.0;1.0;-17.0;MANQUE;17.0;17.982
CNSO;5998-14-5223334;3.0;20.0;17.0;SURPLUS;17.0;0.15
CNSO;7025-14-5584463;2.0;19.0;17.0;SURPLUS;17.0;0.105
CHG;5998-14-5649248;18.0;1.0;-17.0;MANQUE;17.0;17.982
MRC;7025-01-6241110;18.0;1.0;-17.0;MANQUE;17.0;17.982
CNSO;7025-01-6305849;7.0;24.0;17.0;SURPLUS;17.0;0.292
MDM;7025-01-6720552;18.0;1.0;-17.0;MANQUE;17.0;17.982
CNSO;6130-01-6654038;1.0;18.0;17.0;SURPLUS;17.0;0.056
CNSO;5805-14-4220850;2.0;18.0;16.0;SURPLUS;16.0;0.111
BST;7035-14-5914936;17.0;1.0;-16.0;MANQUE;16.0;16.983
BST;7025-01-7068901;19.0;3.0;-16.0;MANQUE;16.0;6.331
BLD;7025-01-7016891;25.0;9.0;-16.0;MANQUE;16.0;2.777
MRC;5998-14-5649434;23.0;7.0;-16.0;MANQUE;16.0;3.285
CNSO;7025-14-5930484;5.0;21.0;16.0;SURPLUS;16.0;0.238
CHG;5895-15-2168665;19.0;3.0;-16.0;MANQUE;16.0;6.331
MRC;6130-14-5147163;19.0;3.0;-16.0;MANQUE;16.0;6.331
CGC;5998-14-5649402;17.0;1.0;-16.0;MANQUE;16.0;16.983
CHG;7050-01-6861556;2.0;18.0;16.0;SURPLUS;16.0;0.111
CNSO;5895-14-4784400;1.0;17.0;16.0;SURPLUS;16.0;0.059
ANTACL;7025-01-6963056;10.0;26.0;16.0;SURPLUS;16.0;0.385
CHG;6130-14-5650944;22.0;6.0;-16.0;MANQUE;16.0;3.666
CNSO;8145-14-5886585;2.0;18.0;16.0;SURPLUS;16.0;0.111
CNSO;5975-14-4491638;2.0;18.0;16.0;SURPLUS;16.0;0.111
BST;5895-01-6659304;21.0;5.0;-16.0;MANQUE;16.0;4.199
CNSO;5998-14-4852176;4.0;20.0;16.0;SURPLUS;16.0;0.2
CGC;5998-20-0085537;16.0;1.0;-15.0;MANQUE;15.0;15.984
CGC;7025-01-6571299;17.0;2.0;-15.0;MANQUE;15.0;8.496
CNSO;5895-14-5951970;14.0;29.0;15.0;SURPLUS;15.0;0.483
MDM;5805-14-5216514;4.0;19.0;15.0;SURPLUS;15.0;0.211
BST;7025-22-6279694;2.0;17.0;15.0;SURPLUS;15.0;0.118
CNSO;9080-DI-0372021;3.0;18.0;15.0;SURPLUS;15.0;0.167
CHG;5998-14-4852175;17.0;2.0;-15.0;MANQUE;15.0;8.496
PAU;7025-01-6963056;19.0;4.0;-15.0;MANQUE;15.0;4.749
CHG;5998-14-4852178;17.0;2.0;-15.0;MANQUE;15.0;8.496
CGC;5998-20-0085539;16.0;1.0;-15.0;MANQUE;15.0;15.984
BST;7050-14-5464042;17.0;2.0;-15.0;MANQUE;15.0;8.496
CNSO;7021-01-5844460;11.0;26.0;15.0;SURPLUS;15.0;0.423
CNSO;7025-01-5868738;6.0;21.0;15.0;SURPLUS;15.0;0.286
ANTACL;5895-01-6038918;17.0;2.0;-15.0;MANQUE;15.0;8.496
PAU;5998-14-5649253;16.0;1.0;-15.0;MANQUE;15.0;15.984
CNSO;5998-14-5890370;3.0;18.0;15.0;SURPLUS;15.0;0.167
CNSO;5820-01-6785684;4.0;19.0;15.0;SURPLUS;15.0;0.211
BST;6130-14-5976924;18.0;3.0;-15.0;MANQUE;15.0;5.998
CNSO;7025-01-6113327;7.0;22.0;15.0;SURPLUS;15.0;0.318
BST;7025-14-6031213;1.0;16.0;15.0;SURPLUS;15.0;0.062
CNSO;7025-01-5933588;17.0;32.0;15.0;SURPLUS;15.0;0.531
CNSO;7025-01-6611870;22.0;7.0;-15.0;MANQUE;15.0;3.142
CHG;7025-01-6571299;16.0;1.0;-15.0;MANQUE;15.0;15.984
PAU;7025-01-6409763;7.0;22.0;15.0;SURPLUS;15.0;0.318
MDM;5998-14-4823886;18.0;3.0;-15.0;MANQUE;15.0;5.998
BST;5820-22-6224794;20.0;5.0;-15.0;MANQUE;15.0;3.999
BST;5895-14-5795081;15.0;1.0;-14.0;MANQUE;14.0;14.985
CHG;7025-14-5812058;24.0;10.0;-14.0;MANQUE;14.0;2.4
BST;7025-01-6787839;15.0;1.0;-14.0;MANQUE;14.0;14.985
PAU;7490-01-6289942;17.0;3.0;-14.0;MANQUE;14.0;5.665
CNSO;6625-01-6829918;2.0;16.0;14.0;SURPLUS;14.0;0.125
MDM;7025-01-4976237;16.0;2.0;-14.0;MANQUE;14.0;7.996
CHG;7025-01-7016891;16.0;30.0;14.0;SURPLUS;14.0;0.533
CNSO;5998-14-4761675;5.0;19.0;14.0;SURPLUS;14.0;0.263
CHG;5998-14-5649220;15.0;1.0;-14.0;MANQUE;14.0;14.985
CNSO;7035-01-6773797;24.0;10.0;-14.0;MANQUE;14.0;2.4
PAU;5998-14-5649251;15.0;1.0;-14.0;MANQUE;14.0;14.985
BCE;5930-01-6692243;21.0;7.0;-14.0;MANQUE;14.0;3.0
BST;5835-12-4150504;21.0;7.0;-14.0;MANQUE;14.0;3.0
MRC;5895-20-0078044;16.0;2.0;-14.0;MANQUE;14.0;7.996
CGC;5975-14-6014460;16.0;2.0;-14.0;MANQUE;14.0;7.996
PAU;5998-14-5729634;17.0;3.0;-14.0;MANQUE;14.0;5.665
BST;7010-26-3013874;17.0;3.0;-14.0;MANQUE;14.0;5.665
BST;5895-22-6161898;21.0;7.0;-14.0;MANQUE;14.0;3.0
CGC;5820-99-9251541;15.0;1.0;-14.0;MANQUE;14.0;14.985
CNSO;5805-01-5636332;1.0;15.0;14.0;SURPLUS;14.0;0.067
CNSO;7025-01-6471719;12.0;26.0;14.0;SURPLUS;14.0;0.462
CGC;5985-14-5511392;15.0;1.0;-14.0;MANQUE;14.0;14.985
BST;5836-01-7013353;16.0;2.0;-14.0;MANQUE;14.0;7.996
CNSO;5820-01-6504028;1.0;15.0;14.0;SURPLUS;14.0;0.067
CHG;5998-01-6590122;15.0;1.0;-14.0;MANQUE;14.0;14.985
PAU;5998-14-5649230;16.0;2.0;-14.0;MANQUE;14.0;7.996
CHG;5998-14-4852168;16.0;2.0;-14.0;MANQUE;14.0;7.996
MRC;5998-20-0085537;16.0;2.0;-14.0;MANQUE;14.0;7.996
CHG;5820-14-5697607;1.0;15.0;14.0;SURPLUS;14.0;0.067
MDM;7025-01-5997505;2.0;15.0;13.0;SURPLUS;13.0;0.133
CNSO;7025-01-6505078;1.0;14.0;13.0;SURPLUS;13.0;0.071
CNSO;6130-15-1804826;17.0;4.0;-13.0;MANQUE;13.0;4.249
CNSO;5895-01-6659304;15.0;2.0;-13.0;MANQUE;13.0;7.496
MDM;5975-14-5882845;15.0;2.0;-13.0;MANQUE;13.0;7.496
CNSO;7025-01-5812378;11.0;24.0;13.0;SURPLUS;13.0;0.458
MDM;5998-14-5115515;18.0;5.0;-13.0;MANQUE;13.0;3.599
MDM;5998-14-5649253;18.0;5.0;-13.0;MANQUE;13.0;3.599
CNSO;5895-01-6075842;25.0;12.0;-13.0;MANQUE;13.0;2.083
CNSO;6030-01-4861256;2.0;15.0;13.0;SURPLUS;13.0;0.133
CNSO;5998-14-5648977;3.0;16.0;13.0;SURPLUS;13.0;0.187
CHG;5895-01-6692703;17.0;4.0;-13.0;MANQUE;13.0;4.249
CGC;6130-14-5649300;16.0;3.0;-13.0;MANQUE;13.0;5.332
ANTACL;5975-01-6429653;14.0;1.0;-13.0;MANQUE;13.0;13.986
CGC;5998-14-5649434;16.0;3.0;-13.0;MANQUE;13.0;5.332
MRC;5895-14-5223318;14.0;1.0;-13.0;MANQUE;13.0;13.986
MRC;7035-01-6083487;16.0;3.0;-13.0;MANQUE;13.0;5.332
BST;7010-14-6035962;7.0;20.0;13.0;SURPLUS;13.0;0.35
PAU;7025-01-6720552;14.0;1.0;-13.0;MANQUE;13.0;13.986
BST;5895-01-6592841;14.0;1.0;-13.0;MANQUE;13.0;13.986
MRC;5998-14-5115539;14.0;1.0;-13.0;MANQUE;13.0;13.986
MRC;5998-14-4891305;15.0;2.0;-13.0;MANQUE;13.0;7.496
CHG;5895-14-6094639;1.0;14.0;13.0;SURPLUS;13.0;0.071
BST;5998-14-4747169;15.0;3.0;-12.0;MANQUE;12.0;4.998
BST;5895-14-5536338;16.0;4.0;-12.0;MANQUE;12.0;3.999
CHG;5985-14-4659246;2.0;14.0;12.0;SURPLUS;12.0;0.143
CNSO;6130-14-5849963;1.0;13.0;12.0;SURPLUS;12.0;0.077
BST;5895-01-6548913;4.0;16.0;12.0;SURPLUS;12.0;0.25
BST;5805-15-2220909;17.0;5.0;-12.0;MANQUE;12.0;3.399
BST;5805-01-6721744;20.0;8.0;-12.0;MANQUE;12.0;2.5
BST;5998-14-6035944;4.0;16.0;12.0;SURPLUS;12.0;0.25
CNSO;5805-01-6666436;15.0;3.0;-12.0;MANQUE;12.0;4.998
BLD;7025-14-5947383;4.0;16.0;12.0;SURPLUS;12.0;0.25
BST;6140-14-5654871;13.0;1.0;-12.0;MANQUE;12.0;12.987
CNSO;5998-14-5595820;1.0;13.0;12.0;SURPLUS;12.0;0.077
BST;7010-14-5874077;13.0;1.0;-12.0;MANQUE;12.0;12.987
BST;7021-01-6973011;16.0;4.0;-12.0;MANQUE;12.0;3.999
BST;7025-01-6036810;4.0;16.0;12.0;SURPLUS;12.0;0.25
BST;7025-14-6078971;14.0;2.0;-12.0;MANQUE;12.0;6.997
CNSO;5895-14-5854195;20.0;8.0;-12.0;MANQUE;12.0;2.5
CGC;7025-01-6997334;16.0;4.0;-12.0;MANQUE;12.0;3.999
CGC;5975-01-6429653;18.0;6.0;-12.0;MANQUE;12.0;3.0
BLD;9080-DI-0412021;14.0;2.0;-12.0;MANQUE;12.0;6.997
CHG;6130-14-5875950;18.0;6.0;-12.0;MANQUE;12.0;3.0
CNSO;7025-20-0094505;3.0;15.0;12.0;SURPLUS;12.0;0.2
CHG;7025-01-6336396;23.0;11.0;-12.0;MANQUE;12.0;2.091
BLD;6030-01-5849988;8.0;20.0;12.0;SURPLUS;12.0;0.4
CNSO;7025-01-7016891;1.0;13.0;12.0;SURPLUS;12.0;0.077
ANTACL;5895-01-6692703;14.0;2.0;-12.0;MANQUE;12.0;6.997
CNSO;7035-14-5536385;5.0;17.0;12.0;SURPLUS;12.0;0.294
CHG;7025-01-6145572;20.0;8.0;-12.0;MANQUE;12.0;2.5
ANTACL;7025-01-6336396;13.0;1.0;-12.0;MANQUE;12.0;12.987
CNSO;7025-14-5694773;18.0;6.0;-12.0;MANQUE;12.0;3.0
CNSO;7025-15-1413082;2.0;13.0;11.0;SURPLUS;11.0;0.154
CHG;7025-01-6162699;12.0;1.0;-11.0;MANQUE;11.0;11.988
CNSO;8145-14-5886584;1.0;12.0;11.0;SURPLUS;11.0;0.083
CHG;6130-14-5797008;19.0;8.0;-11.0;MANQUE;11.0;2.375
CHG;7025-01-6659124;16.0;5.0;-11.0;MANQUE;11.0;3.199
CNSO;7435-15-0102549;14.0;25.0;11.0;SURPLUS;11.0;0.56
MDM;5998-14-5216511;14.0;3.0;-11.0;MANQUE;11.0;4.665
BST;7025-01-6065502;29.0;18.0;-11.0;MANQUE;11.0;1.611
CHG;6130-14-5977740;2.0;13.0;11.0;SURPLUS;11.0;0.154
MRC;9010-DI-1012016;6.0;17.0;11.0;SURPLUS;11.0;0.353
MRC;7010-14-5636071;14.0;3.0;-11.0;MANQUE;11.0;4.665
CHG;5820-99-5013078;49.0;60.0;11.0;SURPLUS;11.0;0.817
ANTACL;5998-14-5648968;13.0;2.0;-11.0;MANQUE;11.0;6.497
MDM;5895-39-0013584;12.0;1.0;-11.0;MANQUE;11.0;11.988
MRC;5998-14-4535516;12.0;1.0;-11.0;MANQUE;11.0;11.988
CHG;7010-01-6902880;4.0;15.0;11.0;SURPLUS;11.0;0.267
CGC;7025-01-6691110;12.0;1.0;-11.0;MANQUE;11.0;11.988
CHG;7025-01-6409765;2.0;13.0;11.0;SURPLUS;11.0;0.154
CHG;5975-01-6429653;22.0;11.0;-11.0;MANQUE;11.0;2.0
CHG;6130-01-6429643;12.0;1.0;-11.0;MANQUE;11.0;11.988
CNSO;7025-14-5947596;12.0;1.0;-11.0;MANQUE;11.0;11.988
PAU;7025-01-7006887;13.0;2.0;-11.0;MANQUE;11.0;6.497
PAU;5810-14-5860296;12.0;1.0;-11.0;MANQUE;11.0;11.988
CNSO;6140-14-5937794;1.0;12.0;11.0;SURPLUS;11.0;0.083
BST;7025-01-6680574;12.0;2.0;-10.0;MANQUE;10.0;5.997
CHG;5895-01-6589391;31.0;21.0;-10.0;MANQUE;10.0;1.476
CNSO;5836-37-5349926;3.0;13.0;10.0;SURPLUS;10.0;0.231
BST;5895-01-5716701;11.0;1.0;-10.0;MANQUE;10.0;10.989
CGC;5810-14-5763435;11.0;1.0;-10.0;MANQUE;10.0;10.989
MRC;5998-20-0085538;11.0;1.0;-10.0;MANQUE;10.0;10.989
ANTACL;7025-01-6844735;1.0;11.0;10.0;SURPLUS;10.0;0.091
BST;5895-37-5195061;14.0;4.0;-10.0;MANQUE;10.0;3.499
MRC;5998-14-4978786;12.0;2.0;-10.0;MANQUE;10.0;5.997
PAU;5895-01-5598030;12.0;2.0;-10.0;MANQUE;10.0;5.997
MRC;5998-14-5115538;14.0;4.0;-10.0;MANQUE;10.0;3.499
MDM;7025-01-6823189;11.0;1.0;-10.0;MANQUE;10.0;10.989
MDM;5998-14-5149570;11.0;1.0;-10.0;MANQUE;10.0;10.989
MRC;5810-14-5860296;15.0;5.0;-10.0;MANQUE;10.0;2.999
CNSO;7010-14-5961808;2.0;12.0;10.0;SURPLUS;10.0;0.167
BST;7025-66-1638304;14.0;4.0;-10.0;MANQUE;10.0;3.499
MDM;5996-14-5886251;11.0;1.0;-10.0;MANQUE;10.0;10.989
CNSO;5895-20-0078044;14.0;4.0;-10.0;MANQUE;10.0;3.499
CHG;5805-14-5395177;11.0;1.0;-10.0;MANQUE;10.0;10.989
BST;5820-17-1247012;12.0;2.0;-10.0;MANQUE;10.0;5.997
MDM;7025-15-0162514;2.0;12.0;10.0;SURPLUS;10.0;0.167
BST;5998-01-5905251;2.0;12.0;10.0;SURPLUS;10.0;0.167
ANTACL;5810-14-5860296;14.0;4.0;-10.0;MANQUE;10.0;3.499
CGC;5998-14-5217075;11.0;1.0;-10.0;MANQUE;10.0;10.989
BST;5998-14-5803460;17.0;7.0;-10.0;MANQUE;10.0;2.428
CNSO;5998-14-5812746;16.0;6.0;-10.0;MANQUE;10.0;2.666
BST;5895-14-5874648;1.0;11.0;10.0;SURPLUS;10.0;0.091
MRC;5998-14-4761905;12.0;2.0;-10.0;MANQUE;10.0;5.997
BST;6030-14-5711031;12.0;2.0;-10.0;MANQUE;10.0;5.997
BST;6130-01-6590426;14.0;4.0;-10.0;MANQUE;10.0;3.499
CNSO;5998-14-5649248;1.0;11.0;10.0;SURPLUS;10.0;0.091
CGC;5998-14-5115539;11.0;1.0;-10.0;MANQUE;10.0;10.989
BST;5810-14-5949212;16.0;6.0;-10.0;MANQUE;10.0;2.666
PAU;5975-14-6014460;12.0;2.0;-10.0;MANQUE;10.0;5.997
BST;5895-14-5767842;11.0;1.0;-10.0;MANQUE;10.0;10.989
CNSO;DIRI-14-0000189;11.0;1.0;-10.0;MANQUE;10.0;10.989
MDM;5895-25-1626130;11.0;1.0;-10.0;MANQUE;10.0;10.989
ANTACL;5895-01-6659304;10.0;1.0;-9.0;MANQUE;9.0;9.99
BST;7035-14-5914982;14.0;5.0;-9.0;MANQUE;9.0;2.799
BST;5820-14-5892201;14.0;5.0;-9.0;MANQUE;9.0;2.799
BST;5820-14-5960623;7.0;16.0;9.0;SURPLUS;9.0;0.437
CNSO;5998-14-4761676;4.0;13.0;9.0;SURPLUS;9.0;0.308
MRC;5998-14-5149583;10.0;1.0;-9.0;MANQUE;9.0;9.99
BST;7010-14-5717703;10.0;1.0;-9.0;MANQUE;9.0;9.99
CNSO;7025-14-5947967;18.0;27.0;9.0;SURPLUS;9.0;0.667
CNSO;5998-20-0085538;12.0;3.0;-9.0;MANQUE;9.0;3.999
CNSO;7025-14-6034814;16.0;7.0;-9.0;MANQUE;9.0;2.285
CNSO;DIRI-14-0002850;5.0;14.0;9.0;SURPLUS;9.0;0.357
CNSO;5998-14-5649245;4.0;13.0;9.0;SURPLUS;9.0;0.308
BST;5895-14-5827556;10.0;1.0;-9.0;MANQUE;9.0;9.99
CNSO;5998-14-5648947;8.0;17.0;9.0;SURPLUS;9.0;0.471
CNSO;7025-15-0168229;3.0;12.0;9.0;SURPLUS;9.0;0.25
BST;7021-14-5910771;5.0;14.0;9.0;SURPLUS;9.0;0.357
MRC;5998-14-5271978;10.0;1.0;-9.0;MANQUE;9.0;9.99
CNSO;5998-14-5147122;2.0;11.0;9.0;SURPLUS;9.0;0.182
BST;7021-17-1278669;11.0;2.0;-9.0;MANQUE;9.0;5.497
BST;5895-01-6548839;10.0;1.0;-9.0;MANQUE;9.0;9.99
BST;7025-01-6295560;19.0;10.0;-9.0;MANQUE;9.0;1.9
BST;7025-01-6844735;22.0;31.0;9.0;SURPLUS;9.0;0.71
MRC;5998-14-5649251;16.0;7.0;-9.0;MANQUE;9.0;2.285
BST;7025-14-5812059;12.0;3.0;-9.0;MANQUE;9.0;3.999
BST;7025-14-5959022;6.0;15.0;9.0;SURPLUS;9.0;0.4
PAU;6130-14-5649300;11.0;2.0;-9.0;MANQUE;9.0;5.497
CNSO;5998-14-4852174;2.0;11.0;9.0;SURPLUS;9.0;0.182
MRC;5998-14-4491642;10.0;1.0;-9.0;MANQUE;9.0;9.99
CHG;5820-22-6224794;10.0;1.0;-9.0;MANQUE;9.0;9.99
CHG;5998-14-5649402;12.0;3.0;-9.0;MANQUE;9.0;3.999
CHG;5895-14-5827556;1.0;10.0;9.0;SURPLUS;9.0;0.1
CHG;5998-14-5649251;12.0;3.0;-9.0;MANQUE;9.0;3.999
CHG;5998-14-5649230;10.0;1.0;-9.0;MANQUE;9.0;9.99
CHG;5998-14-5649411;12.0;3.0;-9.0;MANQUE;9.0;3.999
CNSO;5810-14-5872765;3.0;12.0;9.0;SURPLUS;9.0;0.25
CHG;5895-01-6658656;10.0;1.0;-9.0;MANQUE;9.0;9.99
CGC;7025-01-6162699;10.0;1.0;-9.0;MANQUE;9.0;9.99
CNSO;5805-01-6433469;4.0;12.0;8.0;SURPLUS;8.0;0.333
CHG;5895-14-5892204;9.0;17.0;8.0;SURPLUS;8.0;0.529
CNSO;5820-14-5649881;1.0;9.0;8.0;SURPLUS;8.0;0.111
BST;5998-14-5649434;10.0;2.0;-8.0;MANQUE;8.0;4.998
CNSO;5998-20-0085537;14.0;6.0;-8.0;MANQUE;8.0;2.333
MDM;6030-14-5451517;10.0;2.0;-8.0;MANQUE;8.0;4.998
CHG;5820-22-6229684;12.0;4.0;-8.0;MANQUE;8.0;2.999
BST;5985-14-4659246;18.0;26.0;8.0;SURPLUS;8.0;0.692
CHG;5895-14-5854233;9.0;1.0;-8.0;MANQUE;8.0;8.991
MRC;7025-01-7006887;12.0;4.0;-8.0;MANQUE;8.0;2.999
MDM;5895-14-5878983;10.0;2.0;-8.0;MANQUE;8.0;4.998
MDM;7025-01-5154390;9.0;1.0;-8.0;MANQUE;8.0;8.991
CNSO;5998-14-4392519;1.0;9.0;8.0;SURPLUS;8.0;0.111
MRC;7025-01-6691110;9.0;1.0;-8.0;MANQUE;8.0;8.991
PAU;7025-01-6659124;9.0;1.0;-8.0;MANQUE;8.0;8.991
BST;6710-01-6661357;13.0;5.0;-8.0;MANQUE;8.0;2.599
BST;7010-01-6516598;11.0;3.0;-8.0;MANQUE;8.0;3.665
CNSO;5805-14-5427833;1.0;9.0;8.0;SURPLUS;8.0;0.111
MDM;9010-DI-1012016;1.0;9.0;8.0;SURPLUS;8.0;0.111
CHG;5998-14-5648977;9.0;1.0;-8.0;MANQUE;8.0;8.991
CNSO;7025-14-6033579;2.0;10.0;8.0;SURPLUS;8.0;0.2
CNSO;5805-01-6414432;7.0;15.0;8.0;SURPLUS;8.0;0.467
BST;5998-14-5540116;14.0;6.0;-8.0;MANQUE;8.0;2.333
CNSO;7035-01-6774521;2.0;10.0;8.0;SURPLUS;8.0;0.2
MDM;5805-01-6721744;9.0;1.0;-8.0;MANQUE;8.0;8.991
MDM;7025-01-6906089;13.0;5.0;-8.0;MANQUE;8.0;2.599
MDM;5998-14-5649434;12.0;4.0;-8.0;MANQUE;8.0;2.999
MDM;5998-14-5149568;11.0;3.0;-8.0;MANQUE;8.0;3.665
CNSO;6730-14-5863391;1.0;9.0;8.0;SURPLUS;8.0;0.111
MRC;7035-14-5860693;11.0;3.0;-8.0;MANQUE;8.0;3.665
CNSO;5895-14-5900888;2.0;10.0;8.0;SURPLUS;8.0;0.2
MDM;7025-01-6429635;11.0;3.0;-8.0;MANQUE;8.0;3.665
CNSO;6030-14-5737039;1.0;9.0;8.0;SURPLUS;8.0;0.111
MDM;5998-14-5115541;9.0;1.0;-8.0;MANQUE;8.0;8.991
MDM;5895-01-6548907;11.0;3.0;-8.0;MANQUE;8.0;3.665
BST;9080-DI-0362021;9.0;1.0;-8.0;MANQUE;8.0;8.991
MRC;5820-01-6504028;8.0;1.0;-7.0;MANQUE;7.0;7.992
MDM;5998-14-5776623;8.0;1.0;-7.0;MANQUE;7.0;7.992
BST;7025-01-5944903;10.0;3.0;-7.0;MANQUE;7.0;3.332
BST;7010-14-5717701;9.0;2.0;-7.0;MANQUE;7.0;4.498
MRC;5975-01-6429653;17.0;10.0;-7.0;MANQUE;7.0;1.7
PAU;5998-14-5649411;8.0;1.0;-7.0;MANQUE;7.0;7.992
PAU;5895-01-5059537;7.0;14.0;7.0;SURPLUS;7.0;0.5
BST;7010-14-5961808;2.0;9.0;7.0;SURPLUS;7.0;0.222
CHG;5895-14-5730049;11.0;4.0;-7.0;MANQUE;7.0;2.749
BST;5810-14-5879461;13.0;6.0;-7.0;MANQUE;7.0;2.166
BST;5810-14-5872748;8.0;1.0;-7.0;MANQUE;7.0;7.992
BST;7010-01-6441911;19.0;12.0;-7.0;MANQUE;7.0;1.583
CNSO;7010-14-5926783;4.0;11.0;7.0;SURPLUS;7.0;0.364
BST;5895-14-6008118;9.0;2.0;-7.0;MANQUE;7.0;4.498
CHG;5895-14-5767842;15.0;8.0;-7.0;MANQUE;7.0;1.875
MRC;5930-01-5997585;9.0;2.0;-7.0;MANQUE;7.0;4.498
CHG;7025-14-5812059;8.0;1.0;-7.0;MANQUE;7.0;7.992
CNSO;9010-DI-1032014;5.0;12.0;7.0;SURPLUS;7.0;0.417
BST;5820-99-7543461;9.0;2.0;-7.0;MANQUE;7.0;4.498
BST;6130-12-4051298;3.0;10.0;7.0;SURPLUS;7.0;0.3
MRC;5998-14-4747177;8.0;1.0;-7.0;MANQUE;7.0;7.992
BST;5820-99-2176599;23.0;16.0;-7.0;MANQUE;7.0;1.437
BST;5985-22-6196630;10.0;3.0;-7.0;MANQUE;7.0;3.332
CNSO;5110-14-5672350;1.0;8.0;7.0;SURPLUS;7.0;0.125
PAU;5895-15-1922999;3.0;10.0;7.0;SURPLUS;7.0;0.3
CNSO;7025-01-5621812;21.0;14.0;-7.0;MANQUE;7.0;1.5
MRC;5975-14-5882845;9.0;2.0;-7.0;MANQUE;7.0;4.498
BST;5895-14-5854248;9.0;2.0;-7.0;MANQUE;7.0;4.498
ANTACL;7025-01-6659124;9.0;2.0;-7.0;MANQUE;7.0;4.498
MDM;7025-14-6013580;9.0;2.0;-7.0;MANQUE;7.0;4.498
BST;7025-14-5947596;12.0;5.0;-7.0;MANQUE;7.0;2.4
CNSO;5975-14-4491636;3.0;10.0;7.0;SURPLUS;7.0;0.3
BST;7195-14-5872686;8.0;1.0;-7.0;MANQUE;7.0;7.992
CNSO;7035-14-5916707;17.0;10.0;-7.0;MANQUE;7.0;1.7
BST;9020-DI-1082016;11.0;4.0;-7.0;MANQUE;7.0;2.749
MDM;7025-01-5259491;8.0;1.0;-7.0;MANQUE;7.0;7.992
BST;7025-14-5452181;6.0;13.0;7.0;SURPLUS;7.0;0.462
CGC;7025-01-6822886;26.0;19.0;-7.0;MANQUE;7.0;1.368
MRC;5998-14-5217075;9.0;2.0;-7.0;MANQUE;7.0;4.498
MRC;5998-14-5649411;10.0;3.0;-7.0;MANQUE;7.0;3.332
CNSO;5820-98-2043141;1.0;8.0;7.0;SURPLUS;7.0;0.125
MRC;5998-14-5729629;9.0;2.0;-7.0;MANQUE;7.0;4.498
CHG;7025-01-6429656;8.0;1.0;-7.0;MANQUE;7.0;7.992
MRC;5998-14-4761918;9.0;2.0;-7.0;MANQUE;7.0;4.498
MRC;5998-14-4823886;8.0;1.0;-7.0;MANQUE;7.0;7.992
BST;7035-01-6158873;20.0;13.0;-7.0;MANQUE;7.0;1.538
MRC;5998-14-4760551;8.0;1.0;-7.0;MANQUE;7.0;7.992
MRC;5998-14-4747179;8.0;1.0;-7.0;MANQUE;7.0;7.992
CNSO;5810-14-5879461;2.0;9.0;7.0;SURPLUS;7.0;0.222
CHG;5998-14-5900499;8.0;1.0;-7.0;MANQUE;7.0;7.992
BLD;7025-01-5898446;6.0;13.0;7.0;SURPLUS;7.0;0.462
BCE;7025-01-6720552;9.0;2.0;-7.0;MANQUE;7.0;4.498
BST;5820-22-6161404;13.0;7.0;-6.0;MANQUE;6.0;1.857
CNSO;7025-01-6571266;8.0;2.0;-6.0;MANQUE;6.0;3.998
BST;7035-01-6775865;2.0;8.0;6.0;SURPLUS;6.0;0.25
MRC;5998-14-4491646;9.0;3.0;-6.0;MANQUE;6.0;2.999
CNSO;9010-DI-1072013;8.0;2.0;-6.0;MANQUE;6.0;3.998
MDM;5895-14-5454738;9.0;3.0;-6.0;MANQUE;6.0;2.999
MDM;5895-14-5270509;8.0;2.0;-6.0;MANQUE;6.0;3.998
CNSO;9010-DI-1072015;1.0;7.0;6.0;SURPLUS;6.0;0.143
BST;5930-01-6473900;7.0;1.0;-6.0;MANQUE;6.0;6.993
CHG;5820-14-5875877;9.0;15.0;6.0;SURPLUS;6.0;0.6
CNSO;7025-01-5160134;14.0;8.0;-6.0;MANQUE;6.0;1.75
CNSO;6130-14-4761679;2.0;8.0;6.0;SURPLUS;6.0;0.25
ANTACL;5998-14-5729634;8.0;2.0;-6.0;MANQUE;6.0;3.998
CHG;7010-14-5954173;4.0;10.0;6.0;SURPLUS;6.0;0.4
CHG;DIRI-14-0000147;3.0;9.0;6.0;SURPLUS;6.0;0.333
CNSO;6130-01-6014800;1.0;7.0;6.0;SURPLUS;6.0;0.143
MDM;5998-14-5595820;8.0;2.0;-6.0;MANQUE;6.0;3.998
MRC;5998-14-5149588;7.0;1.0;-6.0;MANQUE;6.0;6.993
BST;6130-01-6439237;14.0;8.0;-6.0;MANQUE;6.0;1.75
BST;7025-01-5802001;7.0;1.0;-6.0;MANQUE;6.0;6.993
BST;7025-01-6519677;9.0;3.0;-6.0;MANQUE;6.0;2.999
PAU;5998-14-5649434;9.0;3.0;-6.0;MANQUE;6.0;2.999
CHG;7025-99-8201129;7.0;1.0;-6.0;MANQUE;6.0;6.993
CHG;5895-01-5354405;7.0;1.0;-6.0;MANQUE;6.0;6.993
MRC;7025-01-6336396;8.0;2.0;-6.0;MANQUE;6.0;3.998
CHG;5895-14-5713812;8.0;2.0;-6.0;MANQUE;6.0;3.998
BLD;5895-01-6659304;6.0;12.0;6.0;SURPLUS;6.0;0.5
BST;7025-01-7017005;7.0;1.0;-6.0;MANQUE;6.0;6.993
CHG;5835-12-4150504;8.0;2.0;-6.0;MANQUE;6.0;3.998
PAU;5820-99-9251541;7.0;1.0;-6.0;MANQUE;6.0;6.993
BST;5895-14-5888112;1.0;7.0;6.0;SURPLUS;6.0;0.143
BLD;5810-14-5860295;6.0;12.0;6.0;SURPLUS;6.0;0.5
CNSO;7025-01-6266751;10.0;4.0;-6.0;MANQUE;6.0;2.499
MRC;5810-14-5860295;10.0;4.0;-6.0;MANQUE;6.0;2.499
BST;5810-14-6104556;3.0;9.0;6.0;SURPLUS;6.0;0.333
CGC;7025-01-6241110;7.0;1.0;-6.0;MANQUE;6.0;6.993
CNSO;7025-14-5899492;9.0;15.0;6.0;SURPLUS;6.0;0.6
ANTACL;7025-01-7006887;22.0;28.0;6.0;SURPLUS;6.0;0.786
CGC;5895-14-5501850;7.0;1.0;-6.0;MANQUE;6.0;6.993
CGC;7050-27-0248275;7.0;1.0;-6.0;MANQUE;6.0;6.993
CNSO;9010-DI-1072016;50.0;45.0;-5.0;MANQUE;5.0;1.111
CHG;7025-14-5955956;6.0;1.0;-5.0;MANQUE;5.0;5.994
CHG;7025-20-0063155;7.0;2.0;-5.0;MANQUE;5.0;3.498
CHG;7025-99-3345611;3.0;8.0;5.0;SURPLUS;5.0;0.375
MDM;7025-01-6963056;16.0;11.0;-5.0;MANQUE;5.0;1.454
BST;5830-14-5548763;6.0;11.0;5.0;SURPLUS;5.0;0.545
BLD;7025-01-6471718;6.0;1.0;-5.0;MANQUE;5.0;5.994
ANTACL;5998-14-5649434;7.0;2.0;-5.0;MANQUE;5.0;3.498
CNSO;7025-20-0063155;36.0;31.0;-5.0;MANQUE;5.0;1.161
CHG;7025-01-6735508;4.0;9.0;5.0;SURPLUS;5.0;0.444
BLD;9010-DI-0012022;13.0;18.0;5.0;SURPLUS;5.0;0.722
PAU;7010-14-5961808;6.0;1.0;-5.0;MANQUE;5.0;5.994
PAU;7025-01-6162699;6.0;1.0;-5.0;MANQUE;5.0;5.994
BLD;5810-14-5872772;6.0;1.0;-5.0;MANQUE;5.0;5.994
PAU;7025-01-6295560;7.0;2.0;-5.0;MANQUE;5.0;3.498
BST;5820-14-5649881;1.0;6.0;5.0;SURPLUS;5.0;0.167
PAU;7025-01-6735508;8.0;3.0;-5.0;MANQUE;5.0;2.666
CNSO;7025-01-6065502;1.0;6.0;5.0;SURPLUS;5.0;0.167
BST;5820-14-6071994;10.0;5.0;-5.0;MANQUE;5.0;2.0
CHG;7025-01-5872235;2.0;7.0;5.0;SURPLUS;5.0;0.286
CNSO;9010-DI-1062012;2.0;7.0;5.0;SURPLUS;5.0;0.286
MDM;7025-01-5690988;1.0;6.0;5.0;SURPLUS;5.0;0.167
CNSO;7025-15-1830250;3.0;8.0;5.0;SURPLUS;5.0;0.375
ANTACL;5998-14-5776623;7.0;2.0;-5.0;MANQUE;5.0;3.498
BST;5820-22-6363449;12.0;7.0;-5.0;MANQUE;5.0;1.714
CNSO;7021-17-1278669;1.0;6.0;5.0;SURPLUS;5.0;0.167
MDM;7010-14-5636071;2.0;7.0;5.0;SURPLUS;5.0;0.286
PAU;9030-DI-0012017;10.0;5.0;-5.0;MANQUE;5.0;2.0
BST;7025-14-5931735;6.0;1.0;-5.0;MANQUE;5.0;5.994
CNSO;5810-14-5879458;1.0;6.0;5.0;SURPLUS;5.0;0.167
CNSO;5820-01-5587811;1.0;6.0;5.0;SURPLUS;5.0;0.167
MRC;5895-14-5710809;6.0;1.0;-5.0;MANQUE;5.0;5.994
MDM;5895-01-6590453;9.0;4.0;-5.0;MANQUE;5.0;2.249
BST;7025-14-5885005;6.0;11.0;5.0;SURPLUS;5.0;0.545
BST;7025-01-6550777;7.0;2.0;-5.0;MANQUE;5.0;3.498
BST;5998-14-5890370;13.0;8.0;-5.0;MANQUE;5.0;1.625
BST;5985-14-5618739;5.0;10.0;5.0;SURPLUS;5.0;0.5
MDM;5810-14-5860295;6.0;1.0;-5.0;MANQUE;5.0;5.994
CNSO;5998-14-4852164;1.0;6.0;5.0;SURPLUS;5.0;0.167
BST;5975-14-5355910;6.0;1.0;-5.0;MANQUE;5.0;5.994
MRC;7035-14-5914982;7.0;2.0;-5.0;MANQUE;5.0;3.498
BST;6130-01-6583657;6.0;1.0;-5.0;MANQUE;5.0;5.994
MRC;5998-14-5594755;8.0;3.0;-5.0;MANQUE;5.0;2.666
BST;5998-14-4823904;7.0;2.0;-5.0;MANQUE;5.0;3.498
CHG;7490-01-6289942;11.0;6.0;-5.0;MANQUE;5.0;1.833
CHG;5985-14-5944610;6.0;1.0;-5.0;MANQUE;5.0;5.994
MRC;5998-01-5863401;10.0;15.0;5.0;SURPLUS;5.0;0.667
MRC;5820-99-9251541;7.0;2.0;-5.0;MANQUE;5.0;3.498
MRC;5996-14-4823376;6.0;1.0;-5.0;MANQUE;5.0;5.994
BST;9090-DI-ELI0001;1.0;6.0;5.0;SURPLUS;5.0;0.167
CNSO;5805-71-0399731;10.0;5.0;-5.0;MANQUE;5.0;2.0
CNSO;DIRI-14-0004182;2.0;7.0;5.0;SURPLUS;5.0;0.286
MRC;5998-14-4761675;6.0;1.0;-5.0;MANQUE;5.0;5.994
ANTACL;7025-01-6241110;5.0;1.0;-4.0;MANQUE;4.0;4.995
CNSO;7025-01-6667665;1.0;5.0;4.0;SURPLUS;4.0;0.2
BLD;7025-01-6468008;8.0;4.0;-4.0;MANQUE;4.0;2.0
BST;7050-01-6861556;39.0;43.0;4.0;SURPLUS;4.0;0.907
MRC;7010-14-5961808;6.0;2.0;-4.0;MANQUE;4.0;2.999
MRC;5805-01-6721744;5.0;1.0;-4.0;MANQUE;4.0;4.995
CNSO;7025-01-6675302;1.0;5.0;4.0;SURPLUS;4.0;0.2
CNSO;DIRI-14-0002769;1.0;5.0;4.0;SURPLUS;4.0;0.2
MRC;5998-14-5649223;5.0;1.0;-4.0;MANQUE;4.0;4.995
BCE;5895-01-7022542;7.0;11.0;4.0;SURPLUS;4.0;0.636
PAU;7025-14-5812059;5.0;1.0;-4.0;MANQUE;4.0;4.995
CNSO;5998-01-4565949;7.0;3.0;-4.0;MANQUE;4.0;2.333
MRC;5998-14-5149587;2.0;6.0;4.0;SURPLUS;4.0;0.333
CHG;7025-01-6429635;5.0;1.0;-4.0;MANQUE;4.0;4.995
MRC;5998-14-4252193;5.0;1.0;-4.0;MANQUE;4.0;4.995
CNSO;5820-14-4673111;1.0;5.0;4.0;SURPLUS;4.0;0.2
BCE;5998-14-5649251;6.0;2.0;-4.0;MANQUE;4.0;2.999
MRC;5998-01-5834169;7.0;3.0;-4.0;MANQUE;4.0;2.333
MDM;7025-15-0168475;4.0;8.0;4.0;SURPLUS;4.0;0.5
MRC;5998-14-5511953;5.0;1.0;-4.0;MANQUE;4.0;4.995
MDM;7025-01-6241110;5.0;1.0;-4.0;MANQUE;4.0;4.995
BCE;7025-01-6844735;5.0;1.0;-4.0;MANQUE;4.0;4.995
MDM;7025-01-6426701;1.0;5.0;4.0;SURPLUS;4.0;0.2
CNSO;5820-22-6244938;2.0;6.0;4.0;SURPLUS;4.0;0.333
PAU;5998-14-5729629;6.0;2.0;-4.0;MANQUE;4.0;2.999
CHG;5895-14-5695085;1.0;5.0;4.0;SURPLUS;4.0;0.2
CGC;5810-14-5860295;5.0;1.0;-4.0;MANQUE;4.0;4.995
MRC;5895-01-6659304;5.0;1.0;-4.0;MANQUE;4.0;4.995
CNSO;7195-14-5872686;2.0;6.0;4.0;SURPLUS;4.0;0.333
BST;5985-15-0082430;1.0;5.0;4.0;SURPLUS;4.0;0.2
PAU;5895-14-5377197;5.0;9.0;4.0;SURPLUS;4.0;0.555
CNSO;6130-14-5740012;2.0;6.0;4.0;SURPLUS;4.0;0.333
MDM;5998-14-5649230;8.0;4.0;-4.0;MANQUE;4.0;2.0
MRC;5810-14-5860297;5.0;1.0;-4.0;MANQUE;4.0;4.995
CNSO;5895-14-5595817;3.0;7.0;4.0;SURPLUS;4.0;0.429
CNSO;7025-01-5543248;2.0;6.0;4.0;SURPLUS;4.0;0.333
BST;5895-14-6075442;4.0;8.0;4.0;SURPLUS;4.0;0.5
BST;5895-14-5695085;1.0;5.0;4.0;SURPLUS;4.0;0.2
PAU;5810-14-5879461;5.0;1.0;-4.0;MANQUE;4.0;4.995
CNSO;DIRI-14-0006261;1.0;5.0;4.0;SURPLUS;4.0;0.2
BST;5895-14-6004618;3.0;7.0;4.0;SURPLUS;4.0;0.429
CNSO;6625-33-2192577;1.0;5.0;4.0;SURPLUS;4.0;0.2
CNSO;5895-14-5597509;2.0;6.0;4.0;SURPLUS;4.0;0.333
BST;5998-14-4747163;6.0;2.0;-4.0;MANQUE;4.0;2.999
MRC;5998-14-4761920;6.0;2.0;-4.0;MANQUE;4.0;2.999
CHG;5805-01-6442680;3.0;7.0;4.0;SURPLUS;4.0;0.429
CHG;5998-14-5729634;5.0;1.0;-4.0;MANQUE;4.0;4.995
CHG;5895-01-7022542;2.0;6.0;4.0;SURPLUS;4.0;0.333
MRC;5998-14-4491655;5.0;1.0;-4.0;MANQUE;4.0;4.995
CGC;5810-14-5949212;4.0;8.0;4.0;SURPLUS;4.0;0.5
CNSO;5998-14-5649212;1.0;5.0;4.0;SURPLUS;4.0;0.2
MRC;7025-01-6844735;11.0;15.0;4.0;SURPLUS;4.0;0.733
MDM;7025-01-6712573;7.0;3.0;-4.0;MANQUE;4.0;2.333
BST;6130-14-5355913;10.0;6.0;-4.0;MANQUE;4.0;1.666
MRC;5895-15-1922999;5.0;1.0;-4.0;MANQUE;4.0;4.995
ANTACL;5998-14-5649253;5.0;1.0;-4.0;MANQUE;4.0;4.995
CNSO;5998-20-0085539;11.0;15.0;4.0;SURPLUS;4.0;0.733
MDM;5975-14-6014460;6.0;2.0;-4.0;MANQUE;4.0;2.999
MRC;5998-14-4636521;5.0;2.0;-3.0;MANQUE;3.0;2.499
MDM;7025-01-5944767;2.0;5.0;3.0;SURPLUS;3.0;0.4
CNSO;7490-01-5822347;7.0;4.0;-3.0;MANQUE;3.0;1.75
MRC;5998-14-5149568;4.0;1.0;-3.0;MANQUE;3.0;3.996
PAU;7490-01-7136454;2.0;5.0;3.0;SURPLUS;3.0;0.4
MRC;5998-14-4852180;4.0;1.0;-3.0;MANQUE;3.0;3.996
MDM;7025-01-7006887;1.0;4.0;3.0;SURPLUS;3.0;0.25
MRC;6130-14-5649300;7.0;4.0;-3.0;MANQUE;3.0;1.75
MRC;5998-14-5164411;4.0;1.0;-3.0;MANQUE;3.0;3.996
MRC;5998-14-5216510;5.0;2.0;-3.0;MANQUE;3.0;2.499
CNSO;9080-DI-0392021;5.0;8.0;3.0;SURPLUS;3.0;0.625
CNSO;9030-DI-1022013;3.0;6.0;3.0;SURPLUS;3.0;0.5
PAU;5895-01-5838449;3.0;6.0;3.0;SURPLUS;3.0;0.5
MDM;5810-14-5668143;4.0;1.0;-3.0;MANQUE;3.0;3.996
MDM;5820-14-5697607;5.0;2.0;-3.0;MANQUE;3.0;2.499
MDM;5895-01-6906682;1.0;4.0;3.0;SURPLUS;3.0;0.25
MRC;5895-14-5501846;1.0;4.0;3.0;SURPLUS;3.0;0.25
PAU;5930-15-0140306;6.0;3.0;-3.0;MANQUE;3.0;1.999
MRC;7025-01-7016891;5.0;2.0;-3.0;MANQUE;3.0;2.499
MDM;6130-14-5650944;5.0;2.0;-3.0;MANQUE;3.0;2.499
MRC;7025-01-6795313;4.0;1.0;-3.0;MANQUE;3.0;3.996
MRC;7025-01-6519677;5.0;2.0;-3.0;MANQUE;3.0;2.499
MRC;5805-14-5395177;5.0;2.0;-3.0;MANQUE;3.0;2.499
MRC;5975-14-4761893;7.0;4.0;-3.0;MANQUE;3.0;1.75
MRC;7025-01-5867725;4.0;1.0;-3.0;MANQUE;3.0;3.996
MRC;7021-14-5732755;5.0;2.0;-3.0;MANQUE;3.0;2.499
PAU;5998-14-5812746;4.0;1.0;-3.0;MANQUE;3.0;3.996
MDM;5998-14-5216510;5.0;2.0;-3.0;MANQUE;3.0;2.499
PAU;7025-01-6571299;4.0;1.0;-3.0;MANQUE;3.0;3.996
MDM;7490-01-6289942;4.0;1.0;-3.0;MANQUE;3.0;3.996
PAU;7025-01-7016891;1.0;4.0;3.0;SURPLUS;3.0;0.25
MRC;5998-14-4746028;8.0;5.0;-3.0;MANQUE;3.0;1.6
CNSO;5895-14-2620980;2.0;5.0;3.0;SURPLUS;3.0;0.4
BST;5985-22-6043146;4.0;1.0;-3.0;MANQUE;3.0;3.996
BST;7035-01-6753307;2.0;5.0;3.0;SURPLUS;3.0;0.4
BST;5820-99-5083499;1.0;4.0;3.0;SURPLUS;3.0;0.25
CNSO;6060-27-0676923;6.0;3.0;-3.0;MANQUE;3.0;1.999
BST;DIRI-14-0001992;6.0;3.0;-3.0;MANQUE;3.0;1.999
BST;9070-DI-0022023;7.0;10.0;3.0;SURPLUS;3.0;0.7
BST;9030-DI-1012013;5.0;2.0;-3.0;MANQUE;3.0;2.499
CNSO;6130-01-6429643;5.0;2.0;-3.0;MANQUE;3.0;2.499
BST;7035-14-5956432;1.0;4.0;3.0;SURPLUS;3.0;0.25
BST;5895-14-5730049;2.0;5.0;3.0;SURPLUS;3.0;0.4
ANTACL;7010-14-5961808;4.0;1.0;-3.0;MANQUE;3.0;3.996
CNSO;6130-14-5875950;13.0;10.0;-3.0;MANQUE;3.0;1.3
CNSO;6130-25-1625841;4.0;7.0;3.0;SURPLUS;3.0;0.571
BST;7025-17-1289200;8.0;5.0;-3.0;MANQUE;3.0;1.6
BST;7025-01-7232642;2.0;5.0;3.0;SURPLUS;3.0;0.4
ANTACL;7025-01-7016891;10.0;13.0;3.0;SURPLUS;3.0;0.769
BST;7025-01-7035251;2.0;5.0;3.0;SURPLUS;3.0;0.4
BST;7025-01-6919340;4.0;1.0;-3.0;MANQUE;3.0;3.996
CHG;5825-64-0000616;4.0;1.0;-3.0;MANQUE;3.0;3.996
CNSO;5975-14-5325427;3.0;6.0;3.0;SURPLUS;3.0;0.5
CHG;5895-01-6592493;4.0;1.0;-3.0;MANQUE;3.0;3.996
CHG;5975-01-6429655;4.0;1.0;-3.0;MANQUE;3.0;3.996
BST;5805-14-5925645;7.0;4.0;-3.0;MANQUE;3.0;1.75
BST;5820-01-7078911;1.0;4.0;3.0;SURPLUS;3.0;0.25
BST;5820-14-5697607;91.0;88.0;-3.0;MANQUE;3.0;1.034
BST;5820-14-5855447;1.0;4.0;3.0;SURPLUS;3.0;0.25
BLD;6130-14-5797008;13.0;10.0;-3.0;MANQUE;3.0;1.3
CNSO;5805-01-6146636;2.0;5.0;3.0;SURPLUS;3.0;0.4
BLD;5820-01-6785684;5.0;2.0;-3.0;MANQUE;3.0;2.499
BLD;5810-14-6005236;3.0;6.0;3.0;SURPLUS;3.0;0.5
CHG;6130-01-6470900;4.0;1.0;-3.0;MANQUE;3.0;3.996
CHG;5998-14-5649434;5.0;2.0;-3.0;MANQUE;3.0;2.499
CNSO;5805-14-5925645;2.0;5.0;3.0;SURPLUS;3.0;0.4
BLD;5810-14-5860297;4.0;1.0;-3.0;MANQUE;3.0;3.996
CNSO;5820-01-6073345;1.0;4.0;3.0;SURPLUS;3.0;0.25
BST;5820-14-6075773;1.0;4.0;3.0;SURPLUS;3.0;0.25
CNSO;5895-01-6692703;6.0;3.0;-3.0;MANQUE;3.0;1.999
ANTACL;7025-01-6519677;4.0;1.0;-3.0;MANQUE;3.0;3.996
CHG;7025-01-6429660;4.0;1.0;-3.0;MANQUE;3.0;3.996
CNSO;7025-14-6070179;1.0;4.0;3.0;SURPLUS;3.0;0.25
ANTACL;6030-01-5849988;15.0;12.0;-3.0;MANQUE;3.0;1.25
BST;5975-01-6312801;4.0;1.0;-3.0;MANQUE;3.0;3.996
CNSO;7025-14-5984652;2.0;5.0;3.0;SURPLUS;3.0;0.4
ANTACL;5895-01-6998026;1.0;4.0;3.0;SURPLUS;3.0;0.25
BST;6130-14-5355924;5.0;2.0;-3.0;MANQUE;3.0;2.499
CNSO;6730-14-5730476;4.0;1.0;-3.0;MANQUE;3.0;3.996
CNSO;7025-01-6538334;4.0;7.0;3.0;SURPLUS;3.0;0.571
BST;7025-01-6264014;2.0;5.0;3.0;SURPLUS;3.0;0.4
CNSO;7025-17-1278676;4.0;1.0;-3.0;MANQUE;3.0;3.996
CNSO;7025-14-5452181;6.0;9.0;3.0;SURPLUS;3.0;0.667
BST;7025-01-6301434;1.0;4.0;3.0;SURPLUS;3.0;0.25
BST;5998-14-5648968;4.0;1.0;-3.0;MANQUE;3.0;3.996
BST;5965-99-1571899;9.0;6.0;-3.0;MANQUE;3.0;1.5
CNSO;7025-01-5977347;1.0;4.0;3.0;SURPLUS;3.0;0.25
BST;5895-14-6099254;2.0;5.0;3.0;SURPLUS;3.0;0.4
CNSO;7025-01-5690988;7.0;10.0;3.0;SURPLUS;3.0;0.7
MRC;5895-01-5598030;3.0;1.0;-2.0;MANQUE;2.0;2.997
MRC;5895-01-6589142;1.0;3.0;2.0;SURPLUS;2.0;0.333
PAU;5930-22-6312299;5.0;3.0;-2.0;MANQUE;2.0;1.666
CHG;5998-14-5648947;3.0;1.0;-2.0;MANQUE;2.0;2.997
MRC;7025-01-6659124;4.0;2.0;-2.0;MANQUE;2.0;1.999
MRC;5810-14-5980146;3.0;1.0;-2.0;MANQUE;2.0;2.997
CHG;5998-14-5649212;3.0;1.0;-2.0;MANQUE;2.0;2.997
PAU;5930-01-6692243;10.0;8.0;-2.0;MANQUE;2.0;1.25
BST;6625-14-4797737;3.0;1.0;-2.0;MANQUE;2.0;2.997
CHG;5998-14-5649223;4.0;2.0;-2.0;MANQUE;2.0;1.999
BST;7025-01-6659124;14.0;12.0;-2.0;MANQUE;2.0;1.167
BST;5965-99-3632588;25.0;27.0;2.0;SURPLUS;2.0;0.926
CHG;6140-14-5654871;3.0;1.0;-2.0;MANQUE;2.0;2.997
BLD;7025-14-5812058;3.0;1.0;-2.0;MANQUE;2.0;2.997
BLD;7050-20-0042340;3.0;1.0;-2.0;MANQUE;2.0;2.997
MDM;7025-01-6659124;3.0;1.0;-2.0;MANQUE;2.0;2.997
CHG;7010-14-5918742;3.0;1.0;-2.0;MANQUE;2.0;2.997
BST;5985-01-5391143;18.0;16.0;-2.0;MANQUE;2.0;1.125
PAU;5998-14-5649409;3.0;1.0;-2.0;MANQUE;2.0;2.997
MDM;7025-14-4504323;3.0;1.0;-2.0;MANQUE;2.0;2.997
MRC;7025-01-6746466;3.0;1.0;-2.0;MANQUE;2.0;2.997
CHG;6130-14-5355913;1.0;3.0;2.0;SURPLUS;2.0;0.333
MDM;7050-01-6000825;8.0;6.0;-2.0;MANQUE;2.0;1.333
BST;5820-14-5828152;3.0;1.0;-2.0;MANQUE;2.0;2.997
BST;5998-14-5737608;5.0;3.0;-2.0;MANQUE;2.0;1.666
CHG;5895-37-5195061;3.0;1.0;-2.0;MANQUE;2.0;2.997
MRC;5180-01-6719403;3.0;1.0;-2.0;MANQUE;2.0;2.997
CHG;5930-15-0180733;3.0;1.0;-2.0;MANQUE;2.0;2.997
CHG;5895-01-6998026;1.0;3.0;2.0;SURPLUS;2.0;0.333
MRC;5895-14-5606810;4.0;2.0;-2.0;MANQUE;2.0;1.999
MRC;6130-14-4587098;3.0;1.0;-2.0;MANQUE;2.0;2.997
CHG;7025-01-6469110;8.0;6.0;-2.0;MANQUE;2.0;1.333
BST;7021-14-5732754;6.0;4.0;-2.0;MANQUE;2.0;1.5
MRC;7025-01-4721969;3.0;1.0;-2.0;MANQUE;2.0;2.997
BST;7025-01-5812378;3.0;1.0;-2.0;MANQUE;2.0;2.997
BST;5895-22-6318527;4.0;6.0;2.0;SURPLUS;2.0;0.667
BST;7025-01-6241110;2.0;4.0;2.0;SURPLUS;2.0;0.5
MRC;5998-14-5192060;3.0;1.0;-2.0;MANQUE;2.0;2.997
BST;7025-14-5984746;3.0;1.0;-2.0;MANQUE;2.0;2.997
PAU;5930-01-5842661;2.0;4.0;2.0;SURPLUS;2.0;0.5
MRC;5998-14-5402907;3.0;1.0;-2.0;MANQUE;2.0;2.997
BST;7025-14-5536987;8.0;6.0;-2.0;MANQUE;2.0;1.333
MRC;6030-01-4861256;4.0;2.0;-2.0;MANQUE;2.0;1.999
BST;7025-01-6336396;9.0;7.0;-2.0;MANQUE;2.0;1.286
BST;7025-01-6409765;7.0;5.0;-2.0;MANQUE;2.0;1.4
MRC;5998-14-5649402;1.0;3.0;2.0;SURPLUS;2.0;0.333
BST;7025-01-6702129;4.0;6.0;2.0;SURPLUS;2.0;0.667
BST;7021-14-5732750;10.0;8.0;-2.0;MANQUE;2.0;1.25
CGC;5895-01-5242108;3.0;1.0;-2.0;MANQUE;2.0;2.997
MRC;5998-14-4779666;3.0;1.0;-2.0;MANQUE;2.0;2.997
CGC;5998-14-4746028;4.0;2.0;-2.0;MANQUE;2.0;1.999
MRC;5963-01-5295714;3.0;1.0;-2.0;MANQUE;2.0;2.997
BST;7025-01-6601422;4.0;2.0;-2.0;MANQUE;2.0;1.999
MRC;5975-14-4875871;3.0;1.0;-2.0;MANQUE;2.0;2.997
MRC;7025-01-6504722;4.0;2.0;-2.0;MANQUE;2.0;1.999
MRC;5998-01-4970950;3.0;1.0;-2.0;MANQUE;2.0;2.997
MRC;5998-01-5372086;4.0;2.0;-2.0;MANQUE;2.0;1.999
BST;5930-15-0180733;6.0;4.0;-2.0;MANQUE;2.0;1.5
CHG;5820-30-7003089;1.0;3.0;2.0;SURPLUS;2.0;0.333
MRC;5998-14-4491643;4.0;2.0;-2.0;MANQUE;2.0;1.999
CHG;5820-22-3090055;4.0;2.0;-2.0;MANQUE;2.0;1.999
CHG;5820-14-5892224;6.0;8.0;2.0;SURPLUS;2.0;0.75
CHG;5805-14-5649508;3.0;1.0;-2.0;MANQUE;2.0;2.997
PAU;5895-14-5377196;12.0;14.0;2.0;SURPLUS;2.0;0.857
CGC;7050-01-6000825;6.0;4.0;-2.0;MANQUE;2.0;1.5
CGC;5998-14-5149583;3.0;1.0;-2.0;MANQUE;2.0;2.997
CGC;5805-14-5395177;1.0;3.0;2.0;SURPLUS;2.0;0.333
ANTACL;5805-71-0399726;3.0;1.0;-2.0;MANQUE;2.0;2.997
CNSO;6625-01-4895585;3.0;1.0;-2.0;MANQUE;2.0;2.997
MDM;5998-14-5595819;3.0;1.0;-2.0;MANQUE;2.0;2.997
MDM;5930-01-5997585;2.0;4.0;2.0;SURPLUS;2.0;0.5
CNSO;6130-01-6606192;4.0;6.0;2.0;SURPLUS;2.0;0.667
MDM;5930-01-6692243;5.0;3.0;-2.0;MANQUE;2.0;1.666
ANTACL;5895-01-6548830;3.0;1.0;-2.0;MANQUE;2.0;2.997
CNSO;6030-14-5737048;1.0;3.0;2.0;SURPLUS;2.0;0.333
CHG;7490-01-7136454;1.0;3.0;2.0;SURPLUS;2.0;0.333
CNSO;7010-01-6292498;4.0;2.0;-2.0;MANQUE;2.0;1.999
CNSO;6150-01-6603858;12.0;14.0;2.0;SURPLUS;2.0;0.857
MDM;5975-01-6429653;3.0;1.0;-2.0;MANQUE;2.0;2.997
BLD;7025-01-6038153;5.0;3.0;-2.0;MANQUE;2.0;1.666
CNSO;9030-DI-1012012;3.0;5.0;2.0;SURPLUS;2.0;0.6
CNSO;5975-14-5882009;4.0;2.0;-2.0;MANQUE;2.0;1.999
CNSO;6625-14-6066670;3.0;1.0;-2.0;MANQUE;2.0;2.997
ANTACL;7010-14-5534805;3.0;1.0;-2.0;MANQUE;2.0;2.997
BCE;7025-01-6746466;3.0;1.0;-2.0;MANQUE;2.0;2.997
CNSO;5805-14-5694774;9.0;7.0;-2.0;MANQUE;2.0;1.286
CNSO;5975-14-4761674;3.0;5.0;2.0;SURPLUS;2.0;0.6
CNSO;6625-14-5734509;3.0;5.0;2.0;SURPLUS;2.0;0.6
MDM;5998-14-5149588;3.0;1.0;-2.0;MANQUE;2.0;2.997
CNSO;6625-14-5670399;7.0;5.0;-2.0;MANQUE;2.0;1.4
CNSO;7025-01-6108647;4.0;2.0;-2.0;MANQUE;2.0;1.999
CNSO;5975-12-4027570;1.0;3.0;2.0;SURPLUS;2.0;0.333
CNSO;7035-14-5856050;1.0;3.0;2.0;SURPLUS;2.0;0.333
CNSO;6030-17-1210491;1.0;3.0;2.0;SURPLUS;2.0;0.333
CNSO;5895-14-5166738;3.0;1.0;-2.0;MANQUE;2.0;2.997
CNSO;5895-14-4839705;4.0;2.0;-2.0;MANQUE;2.0;1.999
CHG;7025-14-5584463;3.0;1.0;-2.0;MANQUE;2.0;2.997
BCE;6130-01-6858032;3.0;1.0;-2.0;MANQUE;2.0;2.997
ANTACL;7025-01-6145572;12.0;10.0;-2.0;MANQUE;2.0;1.2
CHG;7025-14-5714152;3.0;1.0;-2.0;MANQUE;2.0;2.997
CNSO;5820-14-5892220;1.0;3.0;2.0;SURPLUS;2.0;0.333
CNSO;7025-14-5803539;2.0;4.0;2.0;SURPLUS;2.0;0.5
CHG;7025-14-5947596;5.0;3.0;-2.0;MANQUE;2.0;1.666
CHG;7025-14-5947967;5.0;3.0;-2.0;MANQUE;2.0;1.666
CHG;7025-66-1638304;3.0;1.0;-2.0;MANQUE;2.0;2.997
MDM;5895-01-4758630;15.0;17.0;2.0;SURPLUS;2.0;0.882
BST;7025-14-5948058;6.0;5.0;-1.0;MANQUE;1.0;1.2
MRC;5998-14-5521029;2.0;1.0;-1.0;MANQUE;1.0;1.998
MRC;5998-14-5223330;2.0;1.0;-1.0;MANQUE;1.0;1.998
MRC;5998-14-5223329;1.0;2.0;1.0;SURPLUS;1.0;0.5
BST;7025-14-5937400;10.0;9.0;-1.0;MANQUE;1.0;1.111
BST;7025-14-5890944;1.0;2.0;1.0;SURPLUS;1.0;0.5
CNSO;6625-00-6495070;2.0;1.0;-1.0;MANQUE;1.0;1.998
MDM;7010-14-5534805;2.0;1.0;-1.0;MANQUE;1.0;1.998
BST;7025-41-0040639;6.0;7.0;1.0;SURPLUS;1.0;0.857
BST;7025-14-6008524;19.0;20.0;1.0;SURPLUS;1.0;0.95
PAU;5820-22-6224794;2.0;1.0;-1.0;MANQUE;1.0;1.998
MDM;5895-14-5147138;2.0;1.0;-1.0;MANQUE;1.0;1.998
CGC;5895-14-5730049;2.0;1.0;-1.0;MANQUE;1.0;1.998
CNSO;6060-22-6199436;1.0;2.0;1.0;SURPLUS;1.0;0.5
CGC;5820-99-5995329;2.0;1.0;-1.0;MANQUE;1.0;1.998
CGC;5820-99-4007335;2.0;1.0;-1.0;MANQUE;1.0;1.998
ANTACL;9010-DI-1012016;3.0;2.0;-1.0;MANQUE;1.0;1.499
MRC;5998-14-4978788;2.0;1.0;-1.0;MANQUE;1.0;1.998
PAU;7025-01-6822886;3.0;2.0;-1.0;MANQUE;1.0;1.499
BST;7050-01-5216877;2.0;1.0;-1.0;MANQUE;1.0;1.998
MDM;5810-14-5879461;2.0;1.0;-1.0;MANQUE;1.0;1.998
BST;7035-14-5915330;1.0;2.0;1.0;SURPLUS;1.0;0.5
BST;7035-01-5560536;1.0;2.0;1.0;SURPLUS;1.0;0.5
CNSO;DIRI-14-0006424;2.0;3.0;1.0;SURPLUS;1.0;0.666
CNSO;6130-14-5650944;2.0;3.0;1.0;SURPLUS;1.0;0.666
ANTACL;7025-14-5947646;3.0;2.0;-1.0;MANQUE;1.0;1.499
BST;7025-14-5584463;3.0;2.0;-1.0;MANQUE;1.0;1.499
BST;7025-01-6571299;3.0;2.0;-1.0;MANQUE;1.0;1.499
ANTACL;7025-01-6571299;2.0;1.0;-1.0;MANQUE;1.0;1.998
CNSO;7025-14-5881889;3.0;4.0;1.0;SURPLUS;1.0;0.75
BST;5961-01-6107733;2.0;1.0;-1.0;MANQUE;1.0;1.998
CNSO;7010-14-5862599;8.0;9.0;1.0;SURPLUS;1.0;0.889
BST;6625-33-2131819;2.0;1.0;-1.0;MANQUE;1.0;1.998
CNSO;7025-01-5309889;1.0;2.0;1.0;SURPLUS;1.0;0.5
MRC;7025-01-6659548;2.0;1.0;-1.0;MANQUE;1.0;1.998
PAU;9010-DI-1092016;3.0;2.0;-1.0;MANQUE;1.0;1.499
BST;6625-12-1939699;2.0;1.0;-1.0;MANQUE;1.0;1.998
BST;6605-14-5897103;1.0;2.0;1.0;SURPLUS;1.0;0.5
CNSO;6625-01-3504320;2.0;1.0;-1.0;MANQUE;1.0;1.998
MRC;7025-01-6823189;6.0;5.0;-1.0;MANQUE;1.0;1.2
PAU;9020-DI-1082016;3.0;2.0;-1.0;MANQUE;1.0;1.499
CNSO;7025-15-2332996;3.0;2.0;-1.0;MANQUE;1.0;1.499
BST;6130-01-6858032;3.0;4.0;1.0;SURPLUS;1.0;0.75
CNSO;7195-14-5961369;1.0;2.0;1.0;SURPLUS;1.0;0.5
CNSO;7035-01-5636950;1.0;2.0;1.0;SURPLUS;1.0;0.5
BST;5998-01-5757590;5.0;6.0;1.0;SURPLUS;1.0;0.833
BST;7021-14-5656377;5.0;4.0;-1.0;MANQUE;1.0;1.25
CNSO;7010-14-5737207;1.0;2.0;1.0;SURPLUS;1.0;0.5
BST;7021-14-5808962;2.0;1.0;-1.0;MANQUE;1.0;1.998
MRC;7025-01-6113327;2.0;1.0;-1.0;MANQUE;1.0;1.998
MRC;5998-14-5649409;1.0;2.0;1.0;SURPLUS;1.0;0.5
CNSO;6625-01-3862133;1.0;2.0;1.0;SURPLUS;1.0;0.5
BST;7025-01-6746466;3.0;2.0;-1.0;MANQUE;1.0;1.499
CNSO;DIRI-14-0004337;1.0;2.0;1.0;SURPLUS;1.0;0.5
BST;7025-01-6589635;3.0;2.0;-1.0;MANQUE;1.0;1.499
CNSO;6625-01-5041724;1.0;2.0;1.0;SURPLUS;1.0;0.5
BST;7025-01-6429665;4.0;3.0;-1.0;MANQUE;1.0;1.333
PAU;7035-14-5914982;3.0;2.0;-1.0;MANQUE;1.0;1.499
CNSO;DIRI-14-0000564;2.0;1.0;-1.0;MANQUE;1.0;1.998
MRC;6130-14-5598821;1.0;2.0;1.0;SURPLUS;1.0;0.5
ANTACL;5895-01-7022542;18.0;19.0;1.0;SURPLUS;1.0;0.947
BST;7025-01-6162699;4.0;5.0;1.0;SURPLUS;1.0;0.8
CNSO;6625-99-9695926;1.0;2.0;1.0;SURPLUS;1.0;0.5
BST;5895-99-1535529;3.0;4.0;1.0;SURPLUS;1.0;0.75
MRC;7490-01-7136454;2.0;3.0;1.0;SURPLUS;1.0;0.666
BST;5895-14-5717558;2.0;1.0;-1.0;MANQUE;1.0;1.998
CGC;7025-14-4504323;2.0;1.0;-1.0;MANQUE;1.0;1.998
CHG;5998-01-6155740;2.0;1.0;-1.0;MANQUE;1.0;1.998
CNSO;5820-01-5587404;2.0;1.0;-1.0;MANQUE;1.0;1.998
MRC;5805-01-6442680;2.0;3.0;1.0;SURPLUS;1.0;0.666
MDM;5998-14-5540116;1.0;2.0;1.0;SURPLUS;1.0;0.5
BST;5985-12-3626193;1.0;2.0;1.0;SURPLUS;1.0;0.5
CHG;5998-14-5836101;4.0;3.0;-1.0;MANQUE;1.0;1.333
CHG;5998-14-5836098;2.0;1.0;-1.0;MANQUE;1.0;1.998
CHG;5998-14-5836096;4.0;3.0;-1.0;MANQUE;1.0;1.333
CHG;5998-14-5649253;2.0;3.0;1.0;SURPLUS;1.0;0.666
CHG;5998-14-5649245;2.0;1.0;-1.0;MANQUE;1.0;1.998
MDM;5998-14-5149587;1.0;2.0;1.0;SURPLUS;1.0;0.5
CNSO;5895-01-6548830;5.0;4.0;-1.0;MANQUE;1.0;1.25
BST;5820-14-5875894;3.0;2.0;-1.0;MANQUE;1.0;1.499
CNSO;5820-14-5816498;2.0;3.0;1.0;SURPLUS;1.0;0.666
CHG;5998-01-6590119;2.0;1.0;-1.0;MANQUE;1.0;1.998
MRC;5820-22-6229684;2.0;1.0;-1.0;MANQUE;1.0;1.998
CGC;5998-14-5149588;3.0;2.0;-1.0;MANQUE;1.0;1.499
MRC;5895-01-5435863;1.0;2.0;1.0;SURPLUS;1.0;0.5
CNSO;5820-14-5875037;2.0;1.0;-1.0;MANQUE;1.0;1.998
CHG;5985-01-5391143;4.0;5.0;1.0;SURPLUS;1.0;0.8
MRC;5180-01-6719397;3.0;2.0;-1.0;MANQUE;1.0;1.499
MDM;7050-14-5464042;3.0;2.0;-1.0;MANQUE;1.0;1.499
MDM;7050-01-6861556;1.0;2.0;1.0;SURPLUS;1.0;0.5
CHG;7490-01-5822347;1.0;2.0;1.0;SURPLUS;1.0;0.5
MDM;7010-14-5961808;2.0;1.0;-1.0;MANQUE;1.0;1.998
PAU;5998-20-0085537;2.0;1.0;-1.0;MANQUE;1.0;1.998
CHG;7025-01-6168725;2.0;3.0;1.0;SURPLUS;1.0;0.666
MDM;7025-01-5388114;3.0;4.0;1.0;SURPLUS;1.0;0.75
CHG;7025-01-5867725;4.0;3.0;-1.0;MANQUE;1.0;1.333
CHG;7025-01-5560990;2.0;3.0;1.0;SURPLUS;1.0;0.666
CHG;7025-01-5379117;3.0;2.0;-1.0;MANQUE;1.0;1.499
BLD;9010-DI-1012016;22.0;23.0;1.0;SURPLUS;1.0;0.956
CHG;7025-14-5918578;2.0;1.0;-1.0;MANQUE;1.0;1.998
BLD;DIRI-14-0003149;2.0;1.0;-1.0;MANQUE;1.0;1.998
PAU;5998-14-5649402;3.0;4.0;1.0;SURPLUS;1.0;0.75
CHG;7035-01-6795875;1.0;2.0;1.0;SURPLUS;1.0;0.5
BST;5810-14-5872750;2.0;1.0;-1.0;MANQUE;1.0;1.998
MDM;5998-14-5729629;3.0;2.0;-1.0;MANQUE;1.0;1.499
CHG;6130-14-5849997;3.0;2.0;-1.0;MANQUE;1.0;1.499
CHG;7035-01-6874627;2.0;1.0;-1.0;MANQUE;1.0;1.998
CHG;7050-14-5464042;2.0;1.0;-1.0;MANQUE;1.0;1.998
CNSO;5820-17-1247012;4.0;5.0;1.0;SURPLUS;1.0;0.8
CHG;6021-01-6909686;1.0;2.0;1.0;SURPLUS;1.0;0.5
MRC;5895-14-4172146;4.0;3.0;-1.0;MANQUE;1.0;1.333
PAU;5895-01-6850029;1.0;2.0;1.0;SURPLUS;1.0;0.5
CHG;5820-14-6071994;2.0;1.0;-1.0;MANQUE;1.0;1.998
CHG;5820-22-3080240;2.0;1.0;-1.0;MANQUE;1.0;1.998
PAU;7025-01-6691110;2.0;1.0;-1.0;MANQUE;1.0;1.998
PAU;5895-14-5591085;11.0;10.0;-1.0;MANQUE;1.0;1.1
BST;5820-22-6226301;14.0;13.0;-1.0;MANQUE;1.0;1.077
PAU;5895-20-0078044;2.0;1.0;-1.0;MANQUE;1.0;1.998
CNSO;5985-22-2823422;1.0;2.0;1.0;SURPLUS;1.0;0.5
CHG;5965-14-5596464;2.0;1.0;-1.0;MANQUE;1.0;1.998
CNSO;5975-14-5882187;1.0;2.0;1.0;SURPLUS;1.0;0.5
CNSO;7035-14-5860689;10.0;9.0;-1.0;MANQUE;1.0;1.111
CHG;5820-14-5850161;6.0;5.0;-1.0;MANQUE;1.0;1.2
CNSO;5998-01-6553094;1.0;2.0;1.0;SURPLUS;1.0;0.5
CHG;5895-01-6469018;8.0;7.0;-1.0;MANQUE;1.0;1.143
CNSO;5998-14-5525011;3.0;2.0;-1.0;MANQUE;1.0;1.499
CNSO;5985-14-5147145;2.0;1.0;-1.0;MANQUE;1.0;1.998
CHG;5895-14-5792144;7.0;6.0;-1.0;MANQUE;1.0;1.166
MDM;5998-14-4747170;2.0;3.0;1.0;SURPLUS;1.0;0.666
CHG;5895-14-5795131;2.0;3.0;1.0;SURPLUS;1.0;0.666
CHG;5895-14-5850450;2.0;1.0;-1.0;MANQUE;1.0;1.998
CHG;5895-14-5906383;2.0;1.0;-1.0;MANQUE;1.0;1.998
CHG;5895-22-6161898;3.0;2.0;-1.0;MANQUE;1.0;1.499
CHG;5895-22-6318527;2.0;1.0;-1.0;MANQUE;1.0;1.998
CHG;5895-14-5713842;1.0;2.0;1.0;SURPLUS;1.0;0.5
CHG;7025-01-6746466;3.0;2.0;-1.0;MANQUE;1.0;1.499
CGC;7025-01-6844735;13.0;12.0;-1.0;MANQUE;1.0;1.083
BST;5820-99-8703821;6.0;7.0;1.0;SURPLUS;1.0;0.857
BST;5895-01-7218005;2.0;1.0;-1.0;MANQUE;1.0;1.998
BST;5840-01-5854521;2.0;3.0;1.0;SURPLUS;1.0;0.666
PAU;7025-01-6844735;9.0;9.0;0.0;SURPLUS;0.0;1.0
MRC;7035-01-6598960;2.0;2.0;0.0;SURPLUS;0.0;1.0
BST;5805-01-5636332;1.0;1.0;0.0;SURPLUS;0.0;0.999
BLD;7025-12-4163952;1.0;1.0;0.0;SURPLUS;0.0;0.999
PAU;5895-01-4758630;1.0;1.0;0.0;SURPLUS;0.0;0.999
ANTACL;7035-15-0231142;2.0;2.0;0.0;SURPLUS;0.0;1.0
PAU;5825-64-0000616;1.0;1.0;0.0;SURPLUS;0.0;0.999
BLD;7010-14-5636071;1.0;1.0;0.0;SURPLUS;0.0;0.999
MRC;9010-DI-0012022;2.0;2.0;0.0;SURPLUS;0.0;1.0
PAU;5998-14-5648947;2.0;2.0;0.0;SURPLUS;0.0;1.0
MRC;DIRI-14-0004647;1.0;1.0;0.0;SURPLUS;0.0;0.999
BCE;7025-01-6963056;2.0;2.0;0.0;SURPLUS;0.0;1.0
PAU;5985-14-5944610;1.0;1.0;0.0;SURPLUS;0.0;0.999
PAU;7035-12-4012369;4.0;4.0;0.0;SURPLUS;0.0;1.0
BST;5895-14-6010909;1.0;1.0;0.0;SURPLUS;0.0;0.999
PAU;5975-14-5882845;5.0;5.0;0.0;SURPLUS;0.0;1.0
BCE;7490-33-2195754;4.0;4.0;0.0;SURPLUS;0.0;1.0
ANTACL;7025-14-5947346;1.0;1.0;0.0;SURPLUS;0.0;0.999
BCE;DIRI-14-0000189;1.0;1.0;0.0;SURPLUS;0.0;0.999
BLD;5120-12-4068022;2.0;2.0;0.0;SURPLUS;0.0;1.0
BST;5895-14-5715103;4.0;4.0;0.0;SURPLUS;0.0;1.0
CNSO;7035-14-5869522;1.0;1.0;0.0;SURPLUS;0.0;0.999
BST;5985-99-4718475;1.0;1.0;0.0;SURPLUS;0.0;0.999
CNSO;5120-14-4884860;1.0;1.0;0.0;SURPLUS;0.0;0.999
MDM;5998-01-5834169;2.0;2.0;0.0;SURPLUS;0.0;1.0
MDM;5998-14-4746102;3.0;3.0;0.0;SURPLUS;0.0;1.0
CNSO;5895-14-5866355;1.0;1.0;0.0;SURPLUS;0.0;0.999
CNSO;5895-14-5648728;2.0;2.0;0.0;SURPLUS;0.0;1.0
CNSO;5895-14-5637549;5.0;5.0;0.0;SURPLUS;0.0;1.0
MDM;5998-14-5208246;2.0;2.0;0.0;SURPLUS;0.0;1.0
CNSO;5805-14-5649508;1.0;1.0;0.0;SURPLUS;0.0;0.999
CNSO;5805-14-4781895;1.0;1.0;0.0;SURPLUS;0.0;0.999
CHG;9080-DI-0102021;1.0;1.0;0.0;SURPLUS;0.0;0.999
CNSO;5998-14-5629870;1.0;1.0;0.0;SURPLUS;0.0;0.999
CHG;7035-01-6852648;2.0;2.0;0.0;SURPLUS;0.0;1.0
MDM;6130-14-5648974;1.0;1.0;0.0;SURPLUS;0.0;0.999
CHG;7025-14-5477377;1.0;1.0;0.0;SURPLUS;0.0;0.999
CHG;7025-01-5621808;1.0;1.0;0.0;SURPLUS;0.0;0.999
CHG;7025-01-5433411;1.0;1.0;0.0;SURPLUS;0.0;0.999
CHG;7025-01-5360686;1.0;1.0;0.0;SURPLUS;0.0;0.999
CHG;7021-01-6164932;1.0;1.0;0.0;SURPLUS;0.0;0.999
CHG;7010-14-5961808;2.0;2.0;0.0;SURPLUS;0.0;1.0
CNSO;5985-14-4775839;1.0;1.0;0.0;SURPLUS;0.0;0.999
MDM;5895-01-6589391;2.0;2.0;0.0;SURPLUS;0.0;1.0
BST;5996-14-5713747;1.0;1.0;0.0;SURPLUS;0.0;0.999
CNSO;DIRI-14-0002781;2.0;2.0;0.0;SURPLUS;0.0;1.0
CNSO;7025-14-5944484;1.0;1.0;0.0;SURPLUS;0.0;0.999
CNSO;7025-01-6584614;2.0;2.0;0.0;SURPLUS;0.0;1.0
CNSO;9010-DI-1132016;1.0;1.0;0.0;SURPLUS;0.0;0.999
CNSO;7010-14-5740052;4.0;4.0;0.0;SURPLUS;0.0;1.0
CNSO;6625-14-5796970;1.0;1.0;0.0;SURPLUS;0.0;0.999
CNSO;DIRI-14-0000952;1.0;1.0;0.0;SURPLUS;0.0;0.999
CNSO;6625-14-4804682;1.0;1.0;0.0;SURPLUS;0.0;0.999
CNSO;6625-01-6574269;1.0;1.0;0.0;SURPLUS;0.0;0.999
CNSO;DIRI-14-0003454;2.0;2.0;0.0;SURPLUS;0.0;1.0
CNSO;6080-01-4671900;1.0;1.0;0.0;SURPLUS;0.0;0.999
CNSO;DIRI-14-0003818;1.0;1.0;0.0;SURPLUS;0.0;0.999
CNSO;6625-01-4464485;1.0;1.0;0.0;SURPLUS;0.0;0.999
CNSO;DIRI-14-0005624;1.0;1.0;0.0;SURPLUS;0.0;0.999
CNSO;6625-01-1089833;1.0;1.0;0.0;SURPLUS;0.0;0.999
MDM;5805-01-6442680;1.0;1.0;0.0;SURPLUS;0.0;0.999
CNSO;6130-99-8455761;1.0;1.0;0.0;SURPLUS;0.0;0.999
CNSO;6130-14-5107037;1.0;1.0;0.0;SURPLUS;0.0;0.999
MDM;5895-01-5720755;2.0;2.0;0.0;SURPLUS;0.0;1.0
CHG;7010-14-5717703;2.0;2.0;0.0;SURPLUS;0.0;1.0
CHG;7010-14-5477335;1.0;1.0;0.0;SURPLUS;0.0;0.999
CHG;7010-01-6953771;1.0;1.0;0.0;SURPLUS;0.0;0.999
BST;7025-01-6106768;1.0;1.0;0.0;SURPLUS;0.0;0.999
CGC;5998-14-5149587;1.0;1.0;0.0;SURPLUS;0.0;0.999
CGC;5998-14-5115518;1.0;1.0;0.0;SURPLUS;0.0;0.999
CGC;5825-64-0000616;1.0;1.0;0.0;SURPLUS;0.0;0.999
BST;7025-25-1619615;2.0;2.0;0.0;SURPLUS;0.0;1.0
BST;7025-20-0090314;2.0;2.0;0.0;SURPLUS;0.0;1.0
BST;7025-14-6066810;1.0;1.0;0.0;SURPLUS;0.0;0.999
BST;7025-14-5886919;1.0;1.0;0.0;SURPLUS;0.0;0.999
BST;7025-01-6571296;1.0;1.0;0.0;SURPLUS;0.0;0.999
BST;7025-01-5808229;3.0;3.0;0.0;SURPLUS;0.0;1.0
CHG;6130-14-5849998;1.0;1.0;0.0;SURPLUS;0.0;0.999
BST;7025-01-5773090;2.0;2.0;0.0;SURPLUS;0.0;1.0
MRC;7025-01-5627370;1.0;1.0;0.0;SURPLUS;0.0;0.999
BST;7025-01-5433411;8.0;8.0;0.0;SURPLUS;0.0;1.0
BST;7021-14-5658034;1.0;1.0;0.0;SURPLUS;0.0;0.999
BST;7010-14-5990398;4.0;4.0;0.0;SURPLUS;0.0;1.0
MRC;7025-01-6571299;1.0;1.0;0.0;SURPLUS;0.0;0.999
BST;6625-14-3661231;1.0;1.0;0.0;SURPLUS;0.0;0.999
BST;6605-14-5897101;3.0;3.0;0.0;SURPLUS;0.0;1.0
CGC;5998-14-5208246;1.0;1.0;0.0;SURPLUS;0.0;0.999
CGC;5998-14-5649409;2.0;2.0;0.0;SURPLUS;0.0;1.0
CGC;6030-14-5773598;4.0;4.0;0.0;SURPLUS;0.0;1.0
CGC;7025-14-5790536;1.0;1.0;0.0;SURPLUS;0.0;0.999
MDM;7025-14-5534842;1.0;1.0;0.0;SURPLUS;0.0;0.999
CHG;6130-14-5842508;2.0;2.0;0.0;SURPLUS;0.0;1.0
CHG;6130-12-4051298;3.0;3.0;0.0;SURPLUS;0.0;1.0
CHG;6130-01-6506482;1.0;1.0;0.0;SURPLUS;0.0;0.999
CHG;6130-01-6103315;1.0;1.0;0.0;SURPLUS;0.0;0.999
CHG;5998-14-5836099;2.0;2.0;0.0;SURPLUS;0.0;1.0
CHG;5998-14-5648968;2.0;2.0;0.0;SURPLUS;0.0;1.0
MRC;5820-22-6224794;2.0;2.0;0.0;SURPLUS;0.0;1.0
CHG;5975-14-5882845;7.0;7.0;0.0;SURPLUS;0.0;1.0
CHG;5975-14-5355910;3.0;3.0;0.0;SURPLUS;0.0;1.0
MRC;5895-01-6743878;2.0;2.0;0.0;SURPLUS;0.0;1.0
CHG;5895-14-5818581;3.0;3.0;0.0;SURPLUS;0.0;1.0
CHG;5825-01-5391144;3.0;3.0;0.0;SURPLUS;0.0;1.0
MRC;5998-01-6425700;2.0;2.0;0.0;SURPLUS;0.0;1.0
CHG;5820-22-6226301;4.0;4.0;0.0;SURPLUS;0.0;1.0
CHG;5820-14-5875894;1.0;1.0;0.0;SURPLUS;0.0;0.999
CHG;5805-01-6721744;1.0;1.0;0.0;SURPLUS;0.0;0.999
MRC;5998-01-5061771;5.0;5.0;0.0;SURPLUS;0.0;1.0
