nomenclature,deficit_total,nb_magasins,deficit_moyen,total_exploitation,total_stock
5998-14-5649218,-1794.0,9,-199.33,2196.0,402.0
7025-01-6471720,-1680.0,7,-240.0,1730.0,50.0
5820-99-7095188,-1068.0,1,-1068.0,1074.0,6.0
9020-DI-1012016,795.0,1,795.0,100.0,895.0
7025-14-6035972,-750.0,1,-750.0,753.0,3.0
5820-14-5875891,-712.0,2,-356.0,858.0,146.0
5895-01-6312265,-648.0,3,-216.0,709.0,61.0
5895-01-6589391,482.0,7,68.86,277.0,759.0
5998-14-5709364,-474.0,6,-79.0,712.0,238.0
7025-01-6471719,-469.0,4,-117.25,526.0,57.0
5998-14-5594755,439.0,3,146.33,39.0,478.0
5998-01-6108944,400.0,1,400.0,61.0,461.0
5805-14-5395176,-393.0,3,-131.0,613.0,220.0
7010-14-6035962,383.0,2,191.5,12.0,395.0
5820-14-5699765,-378.0,3,-126.0,479.0,101.0
5998-01-5905251,348.0,2,174.0,3.0,351.0
5810-14-5839386,327.0,1,327.0,4.0,331.0
5895-14-4839707,311.0,1,311.0,2.0,313.0
5998-14-5216512,307.0,3,102.33,115.0,422.0
6130-14-5977753,280.0,1,280.0,2.0,282.0
5998-14-4746028,280.0,4,70.0,86.0,366.0
5805-14-5649508,-277.0,3,-92.33,280.0,3.0
5998-14-4634094,254.0,1,254.0,1.0,255.0
5805-14-5694774,-244.0,2,-122.0,263.0,19.0
7025-01-6145572,-241.0,4,-60.25,357.0,116.0
5895-14-5223317,239.0,1,239.0,4.0,243.0
5810-14-5860295,235.0,6,39.17,134.0,369.0
5895-01-6548907,-222.0,5,-44.4,306.0,84.0
5998-14-5649230,-207.0,9,-23.0,305.0,98.0
7010-14-5636071,206.0,4,51.5,25.0,231.0
5895-01-6590453,-200.0,5,-40.0,225.0,25.0
5998-01-5292775,197.0,1,197.0,15.0,212.0
5998-14-4252190,192.0,1,192.0,8.0,200.0
7025-15-0162514,-190.0,3,-63.33,216.0,26.0
6130-14-5147163,189.0,2,94.5,22.0,211.0
6130-14-5648974,-184.0,6,-30.67,237.0,53.0
9020-DI-1012014,-180.0,1,-180.0,182.0,2.0
5998-14-4535515,-174.0,1,-174.0,183.0,9.0
5810-14-5860296,-169.0,8,-21.12,348.0,179.0
7025-01-7006887,-168.0,8,-21.0,281.0,113.0
5998-14-5115509,160.0,4,40.0,133.0,293.0
6130-14-5977740,159.0,2,79.5,4.0,163.0
5820-14-5353198,156.0,1,156.0,4.0,160.0
7010-14-6062927,-150.0,1,-150.0,153.0,3.0
5810-14-5949212,148.0,3,49.33,43.0,191.0
6030-01-5849988,-148.0,5,-29.6,228.0,80.0
5820-99-5013078,-147.0,2,-73.5,294.0,147.0
5895-01-5413058,147.0,1,147.0,1.0,148.0
5805-01-6442680,144.0,5,28.8,73.0,217.0
5998-14-5648968,-137.0,9,-15.22,182.0,45.0
5975-01-6429653,137.0,7,19.57,212.0,349.0
5930-01-6107547,136.0,1,136.0,9.0,145.0
5820-99-9251541,-136.0,4,-34.0,141.0,5.0
5820-14-6011983,130.0,2,65.0,52.0,182.0
5895-14-5892200,-127.0,2,-63.5,259.0,132.0
5961-01-6107733,126.0,2,63.0,3.0,129.0
5895-01-6548830,-125.0,4,-31.25,143.0,18.0
5965-14-5596464,124.0,3,41.33,393.0,517.0
5820-14-5568480,123.0,1,123.0,5.0,128.0
5998-14-5223319,122.0,1,122.0,2.0,124.0
5999-14-5416056,120.0,1,120.0,1.0,121.0
7025-14-5812058,-120.0,6,-20.0,176.0,56.0
7025-15-1577947,116.0,1,116.0,9.0,125.0
5805-14-5395175,-112.0,3,-37.33,200.0,88.0
7025-01-6519677,-110.0,6,-18.33,120.0,10.0
5805-14-5649505,-109.0,4,-27.25,209.0,100.0
7025-15-0137638,-108.0,2,-54.0,127.0,19.0
5895-14-5501846,107.0,2,53.5,2.0,109.0
5998-14-5164413,104.0,1,104.0,2.0,106.0
5820-99-8564345,-104.0,1,-104.0,128.0,24.0
7025-14-5953534,-101.0,1,-101.0,102.0,1.0
5998-14-4536854,-100.0,1,-100.0,102.0,2.0
5998-14-5649253,-100.0,8,-12.5,179.0,79.0
5805-14-5407612,100.0,1,100.0,4.0,104.0
7025-01-6295560,-99.0,3,-33.0,113.0,14.0
5998-14-4636517,-96.0,1,-96.0,99.0,3.0
5895-14-5877858,95.0,1,95.0,5.0,100.0
5998-14-4491646,94.0,2,47.0,15.0,109.0
6130-14-5875950,-93.0,3,-31.0,121.0,28.0
5998-14-5812746,-90.0,4,-22.5,100.0,10.0
9010-DI-0012022,89.0,5,17.8,73.0,162.0
5998-20-0085537,-89.0,5,-17.8,100.0,11.0
5895-14-5781725,-88.0,1,-88.0,96.0,8.0
5998-14-4491644,87.0,1,87.0,4.0,91.0
7025-01-6336396,-85.0,6,-14.17,110.0,25.0
5820-14-5697607,83.0,4,20.75,100.0,183.0
5998-14-4491642,83.0,2,41.5,18.0,101.0
7025-14-5947628,82.0,2,41.0,36.0,118.0
5895-14-5603031,82.0,2,41.0,22.0,104.0
5998-14-5729634,-81.0,8,-10.12,151.0,70.0
5998-01-5587804,81.0,1,81.0,4.0,85.0
7025-14-5884199,-80.0,2,-40.0,131.0,51.0
7035-14-5885006,-80.0,1,-80.0,93.0,13.0
5895-01-4758630,79.0,3,26.33,27.0,106.0
5895-14-5713842,-79.0,2,-39.5,91.0,12.0
5820-14-5875877,79.0,2,39.5,40.0,119.0
5895-20-0078044,-76.0,4,-19.0,84.0,8.0
7025-01-5008812,76.0,1,76.0,1.0,77.0
5998-14-4252193,75.0,2,37.5,9.0,84.0
5810-14-5860301,74.0,1,74.0,8.0,82.0
5998-14-4491643,74.0,2,37.0,6.0,80.0
7025-14-5534827,74.0,1,74.0,16.0,90.0
5895-14-5606807,-73.0,2,-36.5,79.0,6.0
5998-14-5649402,73.0,5,14.6,35.0,108.0
7490-01-6289942,-73.0,5,-14.6,90.0,17.0
5895-14-5713812,-70.0,2,-35.0,76.0,6.0
5998-14-5115514,69.0,4,17.25,212.0,281.0
7050-14-5714044,-69.0,1,-69.0,75.0,6.0
7025-15-0010786,68.0,2,34.0,34.0,102.0
5998-14-4491651,68.0,1,68.0,4.0,72.0
5998-14-6021506,67.0,1,67.0,4.0,71.0
7025-14-5714152,-67.0,2,-33.5,75.0,8.0
7025-01-7068901,65.0,2,32.5,33.0,98.0
7025-14-5534842,65.0,2,32.5,7.0,72.0
5998-14-5115539,-65.0,3,-21.67,71.0,6.0
6030-01-4858177,65.0,1,65.0,10.0,75.0
6130-14-5797008,-64.0,3,-21.33,84.0,20.0
7025-14-6034814,-63.0,3,-21.0,72.0,9.0
7025-01-6013212,62.0,1,62.0,7.0,69.0
5805-14-5795343,-62.0,1,-62.0,63.0,1.0
7025-01-5388114,62.0,2,31.0,8.0,70.0
7025-01-6720552,-61.0,8,-7.62,128.0,67.0
7025-01-7016891,-61.0,8,-7.62,157.0,96.0
5998-14-5223322,61.0,1,61.0,2.0,63.0
5998-14-4491658,61.0,1,61.0,3.0,64.0
5998-14-4491645,60.0,1,60.0,4.0,64.0
7025-01-6533455,-60.0,1,-60.0,71.0,11.0
7025-01-6525478,60.0,1,60.0,2.0,62.0
6130-14-4491648,59.0,1,59.0,2.0,61.0
5998-20-0085538,-58.0,3,-19.33,63.0,5.0
5998-14-5149583,-58.0,3,-19.33,66.0,8.0
5998-14-5115538,-57.0,3,-19.0,63.0,6.0
7025-14-5950147,57.0,1,57.0,21.0,78.0
7025-01-6659124,-56.0,7,-8.0,80.0,24.0
5895-14-5818581,-55.0,4,-13.75,100.0,45.0
5895-01-6038918,54.0,2,27.0,19.0,73.0
5895-14-5591085,53.0,2,26.5,29.0,82.0
7010-14-5933477,-53.0,1,-53.0,56.0,3.0
5998-14-4491655,53.0,2,26.5,9.0,62.0
7010-14-5870866,52.0,1,52.0,3.0,55.0
6130-01-6439237,52.0,2,26.0,18.0,70.0
7035-14-5499899,52.0,1,52.0,2.0,54.0
5805-14-5395177,51.0,4,12.75,19.0,70.0
5998-14-4392518,51.0,1,51.0,1.0,52.0
5965-14-4177295,51.0,1,51.0,4.0,55.0
7025-01-6997334,-50.0,4,-12.5,117.0,67.0
5820-99-9596146,-50.0,2,-25.0,174.0,124.0
6130-14-5650944,-49.0,4,-12.25,64.0,15.0
7025-01-6667665,-48.0,2,-24.0,54.0,6.0
5895-01-6658656,-47.0,2,-23.5,50.0,3.0
6130-14-5641779,46.0,1,46.0,2.0,48.0
9030-DI-1012015,-46.0,1,-46.0,50.0,4.0
8145-14-5955933,45.0,1,45.0,1.0,46.0
5998-14-5314940,44.0,1,44.0,4.0,48.0
5825-64-0000616,-44.0,4,-11.0,52.0,8.0
5810-14-5879461,-44.0,6,-7.33,63.0,19.0
5998-14-4491657,44.0,1,44.0,2.0,46.0
5998-14-4491641,43.0,1,43.0,8.0,51.0
7025-01-5997505,43.0,2,21.5,3.0,46.0
7025-14-5947967,-43.0,4,-10.75,82.0,39.0
5975-14-5882845,-41.0,7,-5.86,119.0,78.0
5998-14-4535521,-41.0,1,-41.0,42.0,1.0
6130-01-6470900,-40.0,2,-20.0,43.0,3.0
7035-14-5914936,40.0,2,20.0,20.0,60.0
5998-14-4852172,39.0,1,39.0,2.0,41.0
9080-DI-0392021,-39.0,2,-19.5,50.0,11.0
5895-14-5223346,38.0,1,38.0,1.0,39.0
7035-01-6852648,-37.0,2,-18.5,41.0,4.0
7025-14-5961091,37.0,1,37.0,9.0,46.0
7025-01-6409763,-37.0,3,-12.33,63.0,26.0
5895-14-5892204,37.0,2,18.5,42.0,79.0
7025-14-5894540,-37.0,1,-37.0,38.0,1.0
5998-14-5217075,-36.0,3,-12.0,42.0,6.0
5895-01-6412003,-36.0,1,-36.0,44.0,8.0
7025-01-5259491,36.0,2,18.0,10.0,46.0
7050-20-0042340,36.0,6,6.0,237.0,273.0
5895-01-6659304,-36.0,5,-7.2,57.0,21.0
5820-22-6229684,-35.0,3,-11.67,49.0,14.0
7025-14-5849743,-35.0,3,-11.67,74.0,39.0
5985-14-5944610,-35.0,3,-11.67,45.0,10.0
7025-01-6305849,-35.0,2,-17.5,62.0,27.0
7025-01-6571299,-35.0,6,-5.83,43.0,8.0
5998-14-4491656,34.0,1,34.0,4.0,38.0
5998-14-5890370,-34.0,3,-11.33,62.0,28.0
7025-14-5874071,-34.0,1,-34.0,39.0,5.0
5810-14-5763435,-34.0,2,-17.0,37.0,3.0
5120-12-4068022,34.0,2,17.0,25.0,59.0
7025-01-6429649,-33.0,1,-33.0,34.0,1.0
5998-20-0085539,-33.0,3,-11.0,50.0,17.0
7025-17-1254851,33.0,1,33.0,1.0,34.0
7025-14-5947791,33.0,1,33.0,4.0,37.0
7490-01-5822347,-33.0,3,-11.0,40.0,7.0
6130-14-5654861,-33.0,1,-33.0,34.0,1.0
5895-14-5147140,33.0,1,33.0,2.0,35.0
5998-14-5649409,33.0,4,8.25,7.0,40.0
7025-01-6470038,33.0,1,33.0,1.0,34.0
5998-14-5776623,-33.0,3,-11.0,38.0,5.0
5975-14-6014460,33.0,4,8.25,35.0,68.0
5998-14-4535518,-32.0,1,-32.0,34.0,2.0
5998-14-4852177,-32.0,1,-32.0,36.0,4.0
5810-14-5860297,32.0,3,10.67,10.0,42.0
7025-01-7061923,32.0,1,32.0,7.0,39.0
5998-14-5900499,-32.0,2,-16.0,45.0,13.0
7025-01-6691110,-31.0,5,-6.2,59.0,28.0
7025-01-6735508,-31.0,3,-10.33,46.0,15.0
7050-14-5822576,31.0,3,10.33,198.0,229.0
5998-14-5649411,-31.0,6,-5.17,86.0,55.0
7010-14-5944723,-31.0,1,-31.0,32.0,1.0
7035-14-5860693,30.0,3,10.0,44.0,74.0
5895-14-5470829,30.0,1,30.0,9.0,39.0
5810-14-5872748,-30.0,2,-15.0,32.0,2.0
7025-01-6429660,-30.0,2,-15.0,37.0,7.0
5998-14-5649223,30.0,3,10.0,14.0,44.0
9010-DI-1022014,-30.0,1,-30.0,33.0,3.0
5998-14-4682244,30.0,1,30.0,2.0,32.0
7010-14-5696893,-29.0,1,-29.0,50.0,21.0
7025-01-6620265,-29.0,1,-29.0,31.0,2.0
5998-14-4852170,29.0,1,29.0,2.0,31.0
7025-01-6229697,29.0,1,29.0,23.0,52.0
5895-01-6592493,-29.0,2,-14.5,35.0,6.0
7025-99-8201129,-29.0,2,-14.5,38.0,9.0
7035-15-0231142,-29.0,2,-14.5,38.0,9.0
7035-12-4012369,-28.0,4,-7.0,105.0,77.0
DIRI-14-0002652,28.0,1,28.0,1.0,29.0
5998-14-4747177,-28.0,2,-14.0,32.0,4.0
DIRI-14-0003149,-28.0,2,-14.0,40.0,12.0
5895-01-6692703,-28.0,3,-9.33,37.0,9.0
5998-14-4636519,-28.0,1,-28.0,29.0,1.0
8145-14-5886587,28.0,1,28.0,2.0,30.0
5998-14-4535523,-27.0,1,-27.0,30.0,3.0
7025-01-6429635,27.0,3,9.0,20.0,47.0
5998-01-6108956,27.0,1,27.0,2.0,29.0
7025-01-6671018,-27.0,1,-27.0,31.0,4.0
5998-14-4747179,-26.0,2,-13.0,30.0,4.0
DIRI-14-0001869,25.0,1,25.0,3.0,28.0
5895-14-5714032,-25.0,1,-25.0,26.0,1.0
6130-14-5714038,-25.0,1,-25.0,29.0,4.0
5805-14-4813168,-25.0,1,-25.0,36.0,11.0
5998-14-5649251,-25.0,7,-3.57,150.0,125.0
7025-14-5884250,-25.0,1,-25.0,36.0,11.0
5820-22-6224794,-25.0,4,-6.25,34.0,9.0
5810-14-5872750,-24.0,2,-12.0,26.0,2.0
5998-14-5540116,24.0,3,8.0,17.0,41.0
6130-14-5839922,-24.0,1,-24.0,25.0,1.0
7025-01-6162699,-24.0,4,-6.0,32.0,8.0
7025-14-5651814,24.0,1,24.0,1.0,25.0
7010-14-5699183,-24.0,1,-24.0,26.0,2.0
5998-14-5649434,-24.0,8,-3.0,89.0,65.0
7050-01-6000825,-24.0,3,-8.0,35.0,11.0
5825-01-5391144,-23.0,2,-11.5,35.0,12.0
5975-01-6312801,22.0,2,11.0,5.0,27.0
5895-14-5993795,22.0,1,22.0,1.0,23.0
5998-14-4823886,-22.0,2,-11.0,26.0,4.0
5998-14-4761677,22.0,1,22.0,1.0,23.0
7025-01-6013219,22.0,1,22.0,1.0,23.0
5805-14-5407613,22.0,3,7.33,485.0,507.0
5805-01-6721744,22.0,5,4.4,46.0,68.0
7025-01-6429667,22.0,1,22.0,10.0,32.0
7021-14-5732755,-21.0,2,-10.5,27.0,6.0
7025-14-6066248,-21.0,1,-21.0,49.0,28.0
5805-14-5135582,-21.0,1,-21.0,22.0,1.0
7050-01-6861556,21.0,3,7.0,42.0,63.0
5985-14-5511392,21.0,2,10.5,20.0,41.0
9010-DI-1012013,-21.0,1,-21.0,23.0,2.0
6130-14-5649300,20.0,4,5.0,38.0,58.0
6130-01-6798090,-20.0,1,-20.0,22.0,2.0
7010-14-5961808,-20.0,8,-2.5,52.0,32.0
5805-14-5883097,20.0,2,10.0,25.0,45.0
6130-14-4532514,-20.0,1,-20.0,21.0,1.0
5985-14-4659246,20.0,2,10.0,20.0,40.0
7025-14-5812059,-20.0,3,-6.67,25.0,5.0
DIRI-14-0004877,20.0,1,20.0,2.0,22.0
5835-12-4150504,-20.0,2,-10.0,29.0,9.0
7025-01-5379117,-20.0,2,-10.0,40.0,20.0
7025-14-5930620,20.0,1,20.0,3.0,23.0
5998-14-5126208,-20.0,1,-20.0,21.0,1.0
7025-14-5947596,-20.0,3,-6.67,29.0,9.0
5895-01-5555276,19.0,2,9.5,202.0,221.0
5998-14-4536850,-19.0,1,-19.0,20.0,1.0
7025-17-1278675,19.0,1,19.0,5.0,24.0
7025-01-6680574,19.0,2,9.5,13.0,32.0
7010-14-5862611,19.0,1,19.0,4.0,23.0
6130-14-5129607,19.0,1,19.0,1.0,20.0
5895-14-6008059,-19.0,1,-19.0,21.0,2.0
5895-14-5927592,18.0,1,18.0,1.0,19.0
5805-14-5899554,-18.0,1,-18.0,23.0,5.0
5895-14-5637548,18.0,1,18.0,4.0,22.0
DIRI-14-0004643,18.0,1,18.0,1.0,19.0
7025-01-6844735,18.0,6,3.0,61.0,79.0
5998-14-4761678,18.0,1,18.0,2.0,20.0
5805-14-5117389,-18.0,1,-18.0,20.0,2.0
7035-25-1476091,17.0,1,17.0,1.0,18.0
5998-14-5223334,17.0,1,17.0,3.0,20.0
7025-14-6066924,17.0,1,17.0,7.0,24.0
6130-01-6654038,17.0,1,17.0,1.0,18.0
5895-14-5767842,-17.0,2,-8.5,26.0,9.0
7050-14-5464042,-17.0,3,-5.67,22.0,5.0
6130-01-6594359,-17.0,1,-17.0,18.0,1.0
5805-01-5795097,-17.0,1,-17.0,18.0,1.0
7025-14-5930484,16.0,1,16.0,5.0,21.0
5805-14-4220850,16.0,1,16.0,2.0,18.0
5895-01-6998026,-16.0,3,-5.33,24.0,8.0
5895-14-4784400,16.0,1,16.0,1.0,17.0
5975-14-4491638,16.0,1,16.0,2.0,18.0
5895-15-2168665,-16.0,1,-16.0,19.0,3.0
5998-14-4852169,-16.0,3,-5.33,69.0,53.0
8145-14-5886585,16.0,1,16.0,2.0,18.0
5895-22-6161898,-15.0,2,-7.5,24.0,9.0
5998-14-4852180,15.0,3,5.0,30.0,45.0
7025-14-6031213,15.0,1,15.0,1.0,16.0
7025-22-6279694,15.0,1,15.0,2.0,17.0
7021-01-5844460,15.0,1,15.0,11.0,26.0
7025-01-5933588,15.0,1,15.0,17.0,32.0
9010-DI-1012016,-15.0,5,-3.0,74.0,59.0
7025-01-6611870,-15.0,1,-15.0,22.0,7.0
9080-DI-0372021,15.0,1,15.0,3.0,18.0
7025-01-5868738,15.0,1,15.0,6.0,21.0
5805-14-5216514,15.0,1,15.0,4.0,19.0
6130-14-5976924,-15.0,1,-15.0,18.0,3.0
5998-14-4852168,14.0,2,7.0,17.0,31.0
7025-01-4976237,-14.0,1,-14.0,16.0,2.0
5805-01-5636332,14.0,2,7.0,2.0,16.0
7010-26-3013874,-14.0,1,-14.0,17.0,3.0
7025-01-6787839,-14.0,1,-14.0,15.0,1.0
5998-01-6590122,-14.0,1,-14.0,15.0,1.0
7025-01-6113327,14.0,2,7.0,9.0,23.0
6140-14-5654871,-14.0,2,-7.0,16.0,2.0
5998-14-5649220,-14.0,1,-14.0,15.0,1.0
7025-14-5584463,14.0,3,4.67,8.0,22.0
7010-01-6902880,-14.0,2,-7.0,32.0,18.0
6130-01-6429643,-14.0,2,-7.0,17.0,3.0
5895-14-5795081,-14.0,1,-14.0,15.0,1.0
5836-01-7013353,-14.0,1,-14.0,16.0,2.0
6625-01-6829918,14.0,1,14.0,2.0,16.0
7035-01-6773797,-14.0,1,-14.0,24.0,10.0
5895-01-7022542,-13.0,4,-3.25,50.0,37.0
5895-01-6075842,-13.0,1,-13.0,25.0,12.0
6130-15-1804826,-13.0,1,-13.0,17.0,4.0
5998-14-5115515,-13.0,1,-13.0,18.0,5.0
5895-01-6592841,-13.0,1,-13.0,14.0,1.0
6130-14-4852167,-13.0,3,-4.33,78.0,65.0
5998-14-4891305,-13.0,1,-13.0,15.0,2.0
5895-14-5223318,-13.0,1,-13.0,14.0,1.0
5895-14-6094639,13.0,1,13.0,1.0,14.0
5820-14-5649881,13.0,2,6.5,2.0,15.0
7025-01-6505078,13.0,1,13.0,1.0,14.0
7021-01-6973011,-12.0,1,-12.0,16.0,4.0
7010-14-5874077,-12.0,1,-12.0,13.0,1.0
6130-14-5849963,12.0,1,12.0,1.0,13.0
5998-14-6035944,12.0,1,12.0,4.0,16.0
5930-01-6692243,-12.0,5,-2.4,67.0,55.0
5998-14-4747169,-12.0,1,-12.0,15.0,3.0
7025-20-0094505,12.0,1,12.0,3.0,15.0
5895-01-5598030,-12.0,2,-6.0,15.0,3.0
5895-01-6548913,12.0,1,12.0,4.0,16.0
7025-14-6078971,-12.0,1,-12.0,14.0,2.0
7035-14-5536385,12.0,1,12.0,5.0,17.0
5895-14-5536338,-12.0,1,-12.0,16.0,4.0
7025-14-5947383,12.0,1,12.0,4.0,16.0
5895-14-5854195,-12.0,1,-12.0,20.0,8.0
5820-01-6785684,12.0,2,6.0,9.0,21.0
7025-14-5694773,-12.0,1,-12.0,18.0,6.0
5895-37-5195061,-12.0,2,-6.0,17.0,5.0
7025-01-6036810,12.0,1,12.0,4.0,16.0
9080-DI-0412021,-12.0,1,-12.0,14.0,2.0
5805-15-2220909,-12.0,1,-12.0,17.0,5.0
7025-66-1638304,-12.0,2,-6.0,17.0,5.0
5805-01-6666436,-12.0,1,-12.0,15.0,3.0
5998-14-5216511,-11.0,1,-11.0,14.0,3.0
8145-14-5886584,11.0,1,11.0,1.0,12.0
7435-15-0102549,11.0,1,11.0,14.0,25.0
7025-14-5947569,11.0,2,5.5,28.0,39.0
7025-01-6823189,-11.0,2,-5.5,17.0,6.0
6140-14-5937794,11.0,1,11.0,1.0,12.0
5895-39-0013584,-11.0,1,-11.0,12.0,1.0
7025-01-5812378,11.0,2,5.5,14.0,25.0
5998-14-4535516,-11.0,1,-11.0,12.0,1.0
5998-14-5149568,-11.0,2,-5.5,15.0,4.0
6030-01-4861256,11.0,2,5.5,6.0,17.0
7025-15-1413082,11.0,1,11.0,2.0,13.0
5895-01-5716701,-10.0,1,-10.0,11.0,1.0
7025-14-5452181,10.0,2,5.0,12.0,22.0
5998-14-4978786,-10.0,1,-10.0,12.0,2.0
5998-14-5149570,-10.0,1,-10.0,11.0,1.0
5836-37-5349926,-10.0,2,-5.0,25.0,15.0
5998-14-5803460,-10.0,1,-10.0,17.0,7.0
7025-20-0063155,-10.0,2,-5.0,43.0,33.0
5895-14-5874648,10.0,1,10.0,1.0,11.0
5895-25-1626130,-10.0,1,-10.0,11.0,1.0
5998-14-4761905,-10.0,1,-10.0,12.0,2.0
6030-14-5711031,-10.0,1,-10.0,12.0,2.0
5915-14-4852181,10.0,2,5.0,53.0,63.0
DIRI-14-0000189,-10.0,2,-5.0,12.0,2.0
5996-14-5886251,-10.0,1,-10.0,11.0,1.0
6130-01-6590426,-10.0,1,-10.0,14.0,4.0
5998-14-4852178,9.0,2,4.5,21.0,30.0
5998-14-4761676,9.0,1,9.0,4.0,13.0
5998-14-5271978,-9.0,1,-9.0,10.0,1.0
5895-01-6548839,-9.0,1,-9.0,10.0,1.0
7021-14-5910771,9.0,1,9.0,5.0,14.0
7025-01-6409765,9.0,2,4.5,9.0,18.0
7025-15-0168229,9.0,1,9.0,3.0,12.0
5810-14-5872765,9.0,1,9.0,3.0,12.0
7010-14-5717703,-9.0,2,-4.5,12.0,3.0
7025-14-5959022,9.0,1,9.0,6.0,15.0
5998-14-5149588,-9.0,3,-3.0,13.0,4.0
5820-17-1247012,-9.0,2,-4.5,16.0,7.0
5820-14-5960623,9.0,1,9.0,7.0,16.0
5998-14-5147122,9.0,1,9.0,2.0,11.0
DIRI-14-0002850,9.0,1,9.0,5.0,14.0
5998-14-4852174,9.0,1,9.0,2.0,11.0
5820-14-5892201,-9.0,1,-9.0,14.0,5.0
5895-14-5951970,9.0,3,3.0,315.0,324.0
5998-14-4761675,9.0,2,4.5,11.0,20.0
5805-01-6433469,8.0,1,8.0,4.0,12.0
7035-01-6774521,8.0,1,8.0,2.0,10.0
9080-DI-0362021,-8.0,1,-8.0,9.0,1.0
6030-14-5737039,8.0,1,8.0,1.0,9.0
9020-DI-1082016,-8.0,2,-4.0,14.0,6.0
5805-14-5427833,8.0,1,8.0,1.0,9.0
5805-01-6414432,8.0,1,8.0,7.0,15.0
5998-14-5115541,-8.0,1,-8.0,9.0,1.0
6030-14-5451517,-8.0,1,-8.0,10.0,2.0
5895-14-5900888,8.0,1,8.0,2.0,10.0
7025-01-5154390,-8.0,1,-8.0,9.0,1.0
5998-14-4852163,-8.0,3,-2.67,69.0,61.0
7025-01-5690988,8.0,2,4.0,8.0,16.0
5998-14-4392519,8.0,1,8.0,1.0,9.0
7025-01-6822886,-8.0,2,-4.0,29.0,21.0
7025-01-6906089,-8.0,1,-8.0,13.0,5.0
7025-14-6033579,8.0,1,8.0,2.0,10.0
5998-14-5649245,8.0,2,4.0,6.0,14.0
7010-01-6516598,-8.0,1,-8.0,11.0,3.0
5895-14-5878983,-8.0,1,-8.0,10.0,2.0
5895-14-5854233,-8.0,1,-8.0,9.0,1.0
5895-14-5695085,8.0,2,4.0,2.0,10.0
6730-14-5863391,8.0,1,8.0,1.0,9.0
6710-01-6661357,-8.0,1,-8.0,13.0,5.0
7010-01-6441911,-7.0,1,-7.0,19.0,12.0
7010-14-5717701,-7.0,1,-7.0,9.0,2.0
7035-14-5916707,-7.0,1,-7.0,17.0,10.0
7025-01-6429656,-7.0,1,-7.0,8.0,1.0
7010-14-5926783,7.0,1,7.0,4.0,11.0
7025-01-5944903,-7.0,1,-7.0,10.0,3.0
7025-01-5898446,7.0,1,7.0,6.0,13.0
7025-01-5621812,-7.0,1,-7.0,21.0,14.0
7035-01-6158873,-7.0,1,-7.0,20.0,13.0
7025-14-6013580,-7.0,1,-7.0,9.0,2.0
9010-DI-1032014,7.0,1,7.0,5.0,12.0
5110-14-5672350,7.0,1,7.0,1.0,8.0
5998-14-5649248,-7.0,2,-3.5,19.0,12.0
5998-14-5648947,7.0,3,2.33,13.0,20.0
5820-99-7543461,-7.0,1,-7.0,9.0,2.0
5820-99-2176599,-7.0,1,-7.0,23.0,16.0
5895-14-6008118,-7.0,1,-7.0,9.0,2.0
5998-14-4852175,7.0,2,3.5,22.0,29.0
5895-14-5854248,-7.0,1,-7.0,9.0,2.0
5975-14-4491636,7.0,1,7.0,3.0,10.0
5895-01-5059537,7.0,1,7.0,7.0,14.0
5820-01-6504028,7.0,2,3.5,9.0,16.0
5998-14-5149581,7.0,4,1.75,207.0,214.0
5985-22-6196630,-7.0,1,-7.0,10.0,3.0
5820-98-2043141,7.0,1,7.0,1.0,8.0
5998-14-4761918,-7.0,1,-7.0,9.0,2.0
5998-14-4760551,-7.0,1,-7.0,8.0,1.0
6130-12-4051298,7.0,2,3.5,6.0,13.0
7010-14-5954173,6.0,1,6.0,4.0,10.0
7025-01-6266751,-6.0,1,-6.0,10.0,4.0
5998-14-5729629,-6.0,5,-1.2,40.0,34.0
5998-14-5216510,-6.0,2,-3.0,10.0,4.0
7490-01-7136454,6.0,3,2.0,5.0,11.0
9010-DI-1072015,6.0,1,6.0,1.0,7.0
5810-14-6104556,6.0,1,6.0,3.0,9.0
5998-14-5595820,6.0,2,3.0,9.0,15.0
5895-14-5888112,6.0,1,6.0,1.0,7.0
9010-DI-1072013,-6.0,1,-6.0,8.0,2.0
5820-14-5649877,6.0,2,3.0,19.0,25.0
6130-14-4761679,6.0,1,6.0,2.0,8.0
7025-14-5899492,6.0,1,6.0,9.0,15.0
7035-01-6775865,6.0,1,6.0,2.0,8.0
5930-01-6473900,-6.0,1,-6.0,7.0,1.0
7050-27-0248275,-6.0,1,-6.0,7.0,1.0
7025-01-5160134,-6.0,1,-6.0,14.0,8.0
7025-01-5802001,-6.0,1,-6.0,7.0,1.0
7025-01-6065502,-6.0,2,-3.0,30.0,24.0
7025-01-7017005,-6.0,1,-6.0,7.0,1.0
5820-22-6161404,-6.0,1,-6.0,13.0,7.0
6130-01-6014800,6.0,1,6.0,1.0,7.0
7025-01-6746466,-6.0,4,-1.5,12.0,6.0
7025-01-6571266,-6.0,1,-6.0,8.0,2.0
5895-14-5454738,-6.0,1,-6.0,9.0,3.0
5895-14-5270509,-6.0,1,-6.0,8.0,2.0
5998-14-4852176,-6.0,2,-3.0,28.0,22.0
DIRI-14-0000147,6.0,1,6.0,3.0,9.0
5820-14-6071994,-6.0,2,-3.0,12.0,6.0
5895-01-5354405,-6.0,1,-6.0,7.0,1.0
5895-14-5501850,-6.0,1,-6.0,7.0,1.0
5930-01-5997585,-5.0,2,-2.5,11.0,6.0
7025-15-1830250,5.0,1,5.0,3.0,8.0
5996-14-4823376,-5.0,1,-5.0,6.0,1.0
7025-01-5872235,5.0,1,5.0,2.0,7.0
7025-99-3345611,5.0,1,5.0,3.0,8.0
5998-14-4852164,5.0,1,5.0,1.0,6.0
5998-01-5863401,5.0,1,5.0,10.0,15.0
5998-14-5149587,5.0,3,1.67,4.0,9.0
7025-01-6241110,5.0,6,0.83,40.0,45.0
5998-14-4823904,-5.0,1,-5.0,7.0,2.0
5820-22-6363449,-5.0,1,-5.0,12.0,7.0
5820-01-5587811,5.0,1,5.0,1.0,6.0
9030-DI-0012017,-5.0,1,-5.0,10.0,5.0
5975-14-5355910,-5.0,2,-2.5,9.0,4.0
7025-14-5955956,-5.0,1,-5.0,6.0,1.0
6130-01-6583657,-5.0,1,-5.0,6.0,1.0
DIRI-14-0004182,5.0,1,5.0,2.0,7.0
7025-01-6550777,-5.0,1,-5.0,7.0,2.0
7035-01-6083487,5.0,2,2.5,20.0,25.0
9090-DI-ELI0001,5.0,1,5.0,1.0,6.0
5805-71-0399731,-5.0,1,-5.0,10.0,5.0
7025-14-5885005,5.0,1,5.0,6.0,11.0
5810-14-5872772,-5.0,1,-5.0,6.0,1.0
5810-14-5879458,5.0,1,5.0,1.0,6.0
5895-14-5710809,-5.0,1,-5.0,6.0,1.0
5985-14-5618739,5.0,1,5.0,5.0,10.0
7025-01-6471718,-5.0,1,-5.0,6.0,1.0
5830-14-5548763,5.0,1,5.0,6.0,11.0
5998-14-5648977,5.0,2,2.5,12.0,17.0
9010-DI-1062012,5.0,1,5.0,2.0,7.0
5895-14-5730049,-5.0,3,-1.67,15.0,10.0
7025-14-5931735,-5.0,1,-5.0,6.0,1.0
9010-DI-1072016,-5.0,1,-5.0,50.0,45.0
6130-14-5740012,4.0,1,4.0,2.0,6.0
DIRI-14-0002769,4.0,1,4.0,1.0,5.0
7025-01-6675302,4.0,1,4.0,1.0,5.0
5895-14-5597509,4.0,1,4.0,2.0,6.0
7025-01-5543248,4.0,1,4.0,2.0,6.0
5915-14-4852179,-4.0,3,-1.33,79.0,75.0
5998-14-4761920,-4.0,1,-4.0,6.0,2.0
9030-DI-0012014,-4.0,2,-2.0,35.0,31.0
5895-14-5595817,4.0,1,4.0,3.0,7.0
6625-33-2192577,4.0,1,4.0,1.0,5.0
5820-22-6244938,4.0,1,4.0,2.0,6.0
7025-01-5867725,-4.0,2,-2.0,8.0,4.0
DIRI-14-0006261,4.0,1,4.0,1.0,5.0
7025-01-6963056,-4.0,4,-1.0,47.0,43.0
5998-14-4747163,-4.0,1,-4.0,6.0,2.0
7035-14-5914982,4.0,4,1.0,34.0,38.0
5930-15-0180733,-4.0,2,-2.0,9.0,5.0
5895-14-5377197,4.0,1,4.0,5.0,9.0
7025-15-0168475,4.0,1,4.0,4.0,8.0
7025-01-6468008,-4.0,1,-4.0,8.0,4.0
5895-14-6004618,4.0,1,4.0,3.0,7.0
5985-15-0082430,4.0,1,4.0,1.0,5.0
5895-14-6075442,4.0,1,4.0,4.0,8.0
5998-14-5511953,-4.0,1,-4.0,5.0,1.0
7025-01-6712573,-4.0,1,-4.0,7.0,3.0
5998-01-4565949,-4.0,1,-4.0,7.0,3.0
7021-17-1278669,-4.0,2,-2.0,12.0,8.0
5998-01-5834169,-4.0,2,-2.0,9.0,5.0
5820-14-4673111,4.0,1,4.0,1.0,5.0
7025-01-6426701,4.0,1,4.0,1.0,5.0
5965-99-1571899,-3.0,1,-3.0,9.0,6.0
7025-01-6919340,-3.0,1,-3.0,4.0,1.0
7035-01-6753307,3.0,1,3.0,2.0,5.0
7025-01-6538334,3.0,1,3.0,4.0,7.0
7025-01-6264014,3.0,1,3.0,2.0,5.0
5930-15-0140306,-3.0,1,-3.0,6.0,3.0
5985-22-6043146,-3.0,1,-3.0,4.0,1.0
7025-01-6795313,-3.0,1,-3.0,4.0,1.0
5975-14-4761893,-3.0,1,-3.0,7.0,4.0
5820-99-5083499,3.0,1,3.0,1.0,4.0
7025-01-6301434,3.0,1,3.0,1.0,4.0
5975-01-6429655,-3.0,1,-3.0,4.0,1.0
5895-14-6099254,3.0,1,3.0,2.0,5.0
5998-14-4636521,-3.0,1,-3.0,5.0,2.0
5820-01-7078911,3.0,1,3.0,1.0,4.0
5820-01-6073345,3.0,1,3.0,1.0,4.0
7025-01-5977347,3.0,1,3.0,1.0,4.0
6730-14-5730476,-3.0,1,-3.0,4.0,1.0
5895-01-6906682,3.0,1,3.0,1.0,4.0
5895-14-2620980,3.0,1,3.0,2.0,5.0
5810-14-6005236,3.0,1,3.0,3.0,6.0
7025-14-6070179,3.0,1,3.0,1.0,4.0
9030-DI-1012013,-3.0,1,-3.0,5.0,2.0
9030-DI-1022013,3.0,1,3.0,3.0,6.0
9070-DI-0022023,3.0,1,3.0,7.0,10.0
5810-14-5668143,-3.0,1,-3.0,4.0,1.0
6130-25-1625841,3.0,1,3.0,4.0,7.0
6060-27-0676923,-3.0,1,-3.0,6.0,3.0
DIRI-14-0001992,-3.0,1,-3.0,6.0,3.0
5805-01-6146636,3.0,1,3.0,2.0,5.0
6130-14-5355924,-3.0,1,-3.0,5.0,2.0
7025-14-5984652,3.0,1,3.0,2.0,5.0
7010-14-5534805,-3.0,2,-1.5,5.0,2.0
5975-14-5325427,3.0,1,3.0,3.0,6.0
5895-01-5838449,3.0,1,3.0,3.0,6.0
7035-14-5956432,3.0,1,3.0,1.0,4.0
7025-01-5455184,-3.0,4,-0.75,303.0,300.0
5820-14-6075773,3.0,1,3.0,1.0,4.0
7025-17-1278676,-3.0,1,-3.0,4.0,1.0
7025-14-4504323,-3.0,2,-1.5,5.0,2.0
5895-15-1922999,3.0,2,1.5,8.0,11.0
7025-01-7035251,3.0,1,3.0,2.0,5.0
7195-14-5872686,-3.0,2,-1.5,10.0,7.0
5998-14-5164411,-3.0,1,-3.0,4.0,1.0
5820-14-5855447,3.0,1,3.0,1.0,4.0
7025-17-1289200,-3.0,1,-3.0,8.0,5.0
7025-01-5944767,3.0,1,3.0,2.0,5.0
7025-01-7232642,3.0,1,3.0,2.0,5.0
5895-14-5606810,-2.0,1,-2.0,4.0,2.0
5975-14-4761674,2.0,1,2.0,3.0,5.0
5975-12-4027570,2.0,1,2.0,1.0,3.0
5930-01-5842661,2.0,1,2.0,2.0,4.0
7025-01-6702129,2.0,1,2.0,4.0,6.0
5895-14-5377196,2.0,1,2.0,12.0,14.0
5895-14-5166738,-2.0,1,-2.0,3.0,1.0
5895-01-5242108,-2.0,1,-2.0,3.0,1.0
5895-14-4839705,-2.0,1,-2.0,4.0,2.0
7025-14-5536987,-2.0,1,-2.0,8.0,6.0
5963-01-5295714,-2.0,1,-2.0,3.0,1.0
5965-99-3632588,2.0,1,2.0,25.0,27.0
7025-14-5803539,2.0,1,2.0,2.0,4.0
5895-01-6589142,2.0,1,2.0,1.0,3.0
5930-22-6312299,-2.0,1,-2.0,5.0,3.0
5975-14-4875871,-2.0,1,-2.0,3.0,1.0
6625-14-5734509,2.0,1,2.0,3.0,5.0
7021-14-5732754,-2.0,1,-2.0,6.0,4.0
7021-14-5732750,-2.0,1,-2.0,10.0,8.0
5998-14-5192060,-2.0,1,-2.0,3.0,1.0
7025-01-6601422,-2.0,1,-2.0,4.0,2.0
5998-14-5402907,-2.0,1,-2.0,3.0,1.0
7010-14-5918742,-2.0,1,-2.0,3.0,1.0
5820-14-5828152,-2.0,1,-2.0,3.0,1.0
5998-14-5595819,-2.0,1,-2.0,3.0,1.0
5998-14-5649212,2.0,2,1.0,4.0,6.0
5998-14-5737608,-2.0,1,-2.0,5.0,3.0
7010-01-6292498,-2.0,1,-2.0,4.0,2.0
6625-14-6066670,-2.0,1,-2.0,3.0,1.0
6625-14-5670399,-2.0,1,-2.0,7.0,5.0
7025-01-4721969,-2.0,1,-2.0,3.0,1.0
6625-14-4797737,-2.0,1,-2.0,3.0,1.0
9030-DI-1012012,2.0,1,2.0,3.0,5.0
6625-01-4895585,-2.0,1,-2.0,3.0,1.0
5810-14-5980146,-2.0,1,-2.0,3.0,1.0
6150-01-6603858,2.0,1,2.0,12.0,14.0
6030-14-5737048,2.0,1,2.0,1.0,3.0
5805-71-0399726,-2.0,1,-2.0,3.0,1.0
6030-17-1210491,2.0,1,2.0,1.0,3.0
5180-01-6719403,-2.0,1,-2.0,3.0,1.0
6130-01-6606192,2.0,1,2.0,4.0,6.0
6130-14-4587098,-2.0,1,-2.0,3.0,1.0
6130-14-5355913,-2.0,2,-1.0,11.0,9.0
5820-14-5892220,2.0,1,2.0,1.0,3.0
7025-14-5984746,-2.0,1,-2.0,3.0,1.0
5820-14-5892224,2.0,1,2.0,6.0,8.0
5820-30-7003089,2.0,1,2.0,1.0,3.0
5975-14-5882009,-2.0,1,-2.0,4.0,2.0
7025-01-6504722,-2.0,1,-2.0,4.0,2.0
7025-01-6469110,-2.0,1,-2.0,8.0,6.0
5998-01-4970950,-2.0,1,-2.0,3.0,1.0
5998-01-5372086,-2.0,1,-2.0,4.0,2.0
7025-01-6108647,-2.0,1,-2.0,4.0,2.0
7025-01-6038153,-2.0,1,-2.0,5.0,3.0
7035-14-5856050,2.0,1,2.0,1.0,3.0
5820-22-3090055,-2.0,1,-2.0,4.0,2.0
5998-14-4779666,-2.0,1,-2.0,3.0,1.0
5820-22-6226301,-1.0,2,-0.5,18.0,17.0
5820-99-8703821,1.0,1,1.0,6.0,7.0
5895-14-5147138,-1.0,1,-1.0,2.0,1.0
5820-99-5995329,-1.0,1,-1.0,2.0,1.0
7035-01-6795875,1.0,1,1.0,1.0,2.0
5820-14-5875894,-1.0,2,-0.5,4.0,3.0
7195-14-5961369,1.0,1,1.0,1.0,2.0
DIRI-14-0000564,-1.0,1,-1.0,2.0,1.0
5895-14-4172146,-1.0,1,-1.0,4.0,3.0
7035-01-5636950,1.0,1,1.0,1.0,2.0
DIRI-14-0004337,1.0,1,1.0,1.0,2.0
5820-22-3080240,-1.0,1,-1.0,2.0,1.0
5180-01-6719397,-1.0,1,-1.0,3.0,2.0
7035-01-5560536,1.0,1,1.0,1.0,2.0
5840-01-5854521,1.0,1,1.0,2.0,3.0
7035-01-6874627,-1.0,1,-1.0,2.0,1.0
5895-01-5435863,1.0,1,1.0,1.0,2.0
7035-14-5915330,1.0,1,1.0,1.0,2.0
5820-01-5587404,-1.0,1,-1.0,2.0,1.0
5820-99-4007335,-1.0,1,-1.0,2.0,1.0
5895-01-7218005,-1.0,1,-1.0,2.0,1.0
7025-41-0040639,1.0,1,1.0,6.0,7.0
9010-DI-1092016,-1.0,1,-1.0,3.0,2.0
5895-01-6850029,1.0,1,1.0,1.0,2.0
7050-01-5216877,-1.0,1,-1.0,2.0,1.0
7035-14-5860689,-1.0,1,-1.0,10.0,9.0
5820-14-5850161,-1.0,1,-1.0,6.0,5.0
5895-01-6469018,-1.0,1,-1.0,8.0,7.0
7025-15-2332996,-1.0,1,-1.0,3.0,2.0
7025-14-6008524,1.0,1,1.0,19.0,20.0
5820-14-5816498,1.0,1,1.0,2.0,3.0
5820-14-5875037,-1.0,1,-1.0,2.0,1.0
DIRI-14-0006424,1.0,1,1.0,2.0,3.0
7025-14-5948058,-1.0,1,-1.0,6.0,5.0
5998-01-6155740,-1.0,1,-1.0,2.0,1.0
6625-01-3504320,-1.0,1,-1.0,2.0,1.0
5998-14-4747170,1.0,1,1.0,2.0,3.0
5998-01-6590119,-1.0,1,-1.0,2.0,1.0
5998-01-6553094,1.0,1,1.0,1.0,2.0
6625-00-6495070,-1.0,1,-1.0,2.0,1.0
6605-14-5897103,1.0,1,1.0,1.0,2.0
7025-01-6168725,1.0,1,1.0,2.0,3.0
5975-14-5882187,1.0,1,1.0,1.0,2.0
5998-01-5757590,1.0,1,1.0,5.0,6.0
5998-14-5836101,-1.0,1,-1.0,4.0,3.0
6021-01-6909686,1.0,1,1.0,1.0,2.0
7025-01-6429665,-1.0,1,-1.0,4.0,3.0
5985-14-5147145,-1.0,1,-1.0,2.0,1.0
5985-12-3626193,1.0,1,1.0,1.0,2.0
6625-01-3862133,1.0,1,1.0,1.0,2.0
6625-01-5041724,1.0,1,1.0,1.0,2.0
7025-01-5560990,1.0,1,1.0,2.0,3.0
7025-01-5309889,1.0,1,1.0,1.0,2.0
6625-12-1939699,-1.0,1,-1.0,2.0,1.0
5998-14-4978788,-1.0,1,-1.0,2.0,1.0
7021-14-5808962,-1.0,1,-1.0,2.0,1.0
7021-14-5656377,-1.0,1,-1.0,5.0,4.0
6625-33-2131819,-1.0,1,-1.0,2.0,1.0
5998-14-5223329,1.0,1,1.0,1.0,2.0
6625-99-9695926,1.0,1,1.0,1.0,2.0
5998-14-5223330,-1.0,1,-1.0,2.0,1.0
5998-14-5521029,-1.0,1,-1.0,2.0,1.0
5998-14-5525011,-1.0,1,-1.0,3.0,2.0
7010-14-5862599,1.0,1,1.0,8.0,9.0
5998-14-5836098,-1.0,1,-1.0,2.0,1.0
7010-14-5737207,1.0,1,1.0,1.0,2.0
5985-01-5391143,-1.0,2,-0.5,22.0,21.0
5985-22-2823422,1.0,1,1.0,1.0,2.0
6060-22-6199436,1.0,1,1.0,1.0,2.0
6130-14-5849997,-1.0,1,-1.0,3.0,2.0
7025-14-5947646,-1.0,1,-1.0,3.0,2.0
6130-14-5598821,1.0,1,1.0,1.0,2.0
5895-14-5717558,-1.0,1,-1.0,2.0,1.0
6130-01-6858032,-1.0,2,-0.5,6.0,5.0
7025-14-5937400,-1.0,1,-1.0,10.0,9.0
5895-14-5792144,-1.0,1,-1.0,7.0,6.0
7025-14-5918578,-1.0,1,-1.0,2.0,1.0
5895-14-5795131,1.0,1,1.0,2.0,3.0
7025-14-5890944,1.0,1,1.0,1.0,2.0
7025-14-5881889,1.0,1,1.0,3.0,4.0
5895-14-5906383,-1.0,1,-1.0,2.0,1.0
5895-14-5850450,-1.0,1,-1.0,2.0,1.0
5998-14-5836096,-1.0,1,-1.0,4.0,3.0
7025-01-6589635,-1.0,1,-1.0,3.0,2.0
5895-22-6318527,1.0,2,0.5,6.0,7.0
7025-01-6659548,-1.0,1,-1.0,2.0,1.0
5895-99-1535529,1.0,1,1.0,3.0,4.0
6605-14-5897101,0.0,1,0.0,3.0,3.0
DIRI-14-0000952,0.0,1,0.0,1.0,1.0
6130-99-8455761,0.0,1,0.0,1.0,1.0
DIRI-14-0005624,0.0,1,0.0,1.0,1.0
5120-14-4884860,0.0,1,0.0,1.0,1.0
DIRI-14-0004647,0.0,1,0.0,1.0,1.0
7010-01-6953771,0.0,1,0.0,1.0,1.0
6625-14-5796970,0.0,1,0.0,1.0,1.0
9010-DI-1132016,0.0,1,0.0,1.0,1.0
5805-14-5925645,0.0,2,0.0,9.0,9.0
6625-14-4804682,0.0,1,0.0,1.0,1.0
DIRI-14-0002781,0.0,1,0.0,2.0,2.0
9080-DI-0102021,0.0,1,0.0,1.0,1.0
6130-01-6506482,0.0,1,0.0,1.0,1.0
6130-14-5849998,0.0,1,0.0,1.0,1.0
6130-01-6103315,0.0,1,0.0,1.0,1.0
5998-14-5836099,0.0,1,0.0,2.0,2.0
6625-01-6574269,0.0,1,0.0,1.0,1.0
DIRI-14-0003818,0.0,1,0.0,1.0,1.0
6030-14-5773598,0.0,1,0.0,4.0,4.0
6625-01-4464485,0.0,1,0.0,1.0,1.0
DIRI-14-0003454,0.0,1,0.0,2.0,2.0
6130-14-5842508,0.0,1,0.0,2.0,2.0
6625-01-1089833,0.0,1,0.0,1.0,1.0
5805-14-4781895,0.0,1,0.0,1.0,1.0
6080-01-4671900,0.0,1,0.0,1.0,1.0
6625-14-3661231,0.0,1,0.0,1.0,1.0
5998-14-4855681,0.0,2,0.0,26.0,26.0
7010-14-5477335,0.0,1,0.0,1.0,1.0
5998-14-5629870,0.0,1,0.0,1.0,1.0
7035-01-6598960,0.0,1,0.0,2.0,2.0
7025-01-6571296,0.0,1,0.0,1.0,1.0
7025-01-6584614,0.0,1,0.0,2.0,2.0
7025-12-4163952,0.0,1,0.0,1.0,1.0
7025-25-1619615,0.0,1,0.0,2.0,2.0
7025-14-5477377,0.0,1,0.0,1.0,1.0
7025-20-0090314,0.0,1,0.0,2.0,2.0
5895-14-6010909,0.0,1,0.0,1.0,1.0
7025-14-5790536,0.0,1,0.0,1.0,1.0
5895-01-5720755,0.0,1,0.0,2.0,2.0
5895-14-5866355,0.0,1,0.0,1.0,1.0
5895-14-5827556,0.0,2,0.0,11.0,11.0
7025-14-5886919,0.0,1,0.0,1.0,1.0
5895-01-6743878,0.0,1,0.0,2.0,2.0
7025-14-5944484,0.0,1,0.0,1.0,1.0
7025-14-5947346,0.0,1,0.0,1.0,1.0
7025-14-6066810,0.0,1,0.0,1.0,1.0
5895-14-5715103,0.0,1,0.0,4.0,4.0
5895-14-5648728,0.0,1,0.0,2.0,2.0
5985-14-4775839,0.0,1,0.0,1.0,1.0
5985-99-4718475,0.0,1,0.0,1.0,1.0
5996-14-5713747,0.0,1,0.0,1.0,1.0
7025-01-5360686,0.0,1,0.0,1.0,1.0
7010-14-5740052,0.0,1,0.0,4.0,4.0
7490-33-2195754,0.0,1,0.0,4.0,4.0
7010-14-5990398,0.0,1,0.0,4.0,4.0
5998-14-5208246,0.0,2,0.0,3.0,3.0
7021-01-6164932,0.0,1,0.0,1.0,1.0
7021-14-5658034,0.0,1,0.0,1.0,1.0
5998-14-5115518,0.0,1,0.0,1.0,1.0
5895-14-5637549,0.0,1,0.0,5.0,5.0
7025-01-5433411,0.0,2,0.0,9.0,9.0
5998-01-5061771,0.0,1,0.0,5.0,5.0
7025-01-5621808,0.0,1,0.0,1.0,1.0
7025-01-5627370,0.0,1,0.0,1.0,1.0
7025-01-5773090,0.0,1,0.0,2.0,2.0
7025-01-5808229,0.0,1,0.0,3.0,3.0
5998-14-4746102,0.0,1,0.0,3.0,3.0
7035-14-5869522,0.0,1,0.0,1.0,1.0
5998-01-6425700,0.0,1,0.0,2.0,2.0
7025-01-6106768,0.0,1,0.0,1.0,1.0
6130-14-5107037,0.0,1,0.0,1.0,1.0
